,bus number,fromNode,fromNode_long,fromNode_lat,toNode,toNode_long,toNode_lat,weight,opp
0,3,Punggol Temp Int(65009),103.90253,1.40409,way/325024332,103.9026466,1.4033011,,0
1,3,way/325024332,103.9026466,1.4033011,way/173767827,103.9029803,1.4031145,,0
2,3,way/173767827,103.9029803,1.4031145,way/724076802,103.9031708,1.4034225,,0
3,3,way/724076802,103.9031708,1.4034225,way/476395133,103.9034199,1.4038215,,0
4,3,way/476395133,103.9034199,1.4038215,way/708819911,103.9035459,1.4040253,,0
5,3,way/708819911,103.9035459,1.4040253,way/445282971,103.903687,1.404257,,0
6,3,way/445282971,103.903687,1.404257,way/74953813,103.9037954,1.4044306,,0
7,3,way/74953813,103.9037954,1.4044306,way/74962089,103.9038671,1.4044623,,0
8,3,way/74962089,103.9038671,1.4044623,way/445282963,103.9040093,1.4043935,,0
9,3,way/445282963,103.9040093,1.4043935,way/74962070,103.9045282,1.4041069,,0
10,3,way/74962070,103.9045282,1.4041069,Blk 303D(65221),103.9048174,1.4040774,,0
11,3,Blk 303D(65221),103.9048174,1.4040774,way/476389391,103.9050768,1.4037792,,0
12,3,way/476389391,103.9050768,1.4037792,way/476389390,103.9053743,1.4035741,,0
13,3,way/476389390,103.9053743,1.4035741,way/476389868,103.9057294,1.4033408,,0
14,3,way/476389868,103.9057294,1.4033408,way/476389869,103.9060854,1.4030945,,0
15,3,way/476389869,103.9060854,1.4030945,way/74962084,103.9063092,1.4029304,,0
16,3,way/74962084,103.9063092,1.4029304,way/582412256,103.9064782,1.4028262,,0
17,3,way/582412256,103.9064782,1.4028262,way/74662288,103.9068734,1.4025603,,0
18,3,way/74662288,103.9068734,1.4025603,way/655184948,103.9074646,1.4021456,,0
19,3,way/655184948,103.9074646,1.4021456,Punggol Sec/Blk 601B( 65281),103.907859,1.401923,,0
20,3,Punggol Sec/Blk 601B( 65281),103.907859,1.401923,way/476147270,103.9080694,1.4017069,,0
21,3,way/476147270,103.9080694,1.4017069,way/708916869,103.9084669,1.401409,,0
22,3,way/708916869,103.9084669,1.401409,way/476147271,103.9086999,1.4012464,,0
23,3,way/476147271,103.9086999,1.4012464,way/325024331,103.9089333,1.4010886,,0
24,3,way/325024331,103.9089333,1.4010886,way/534638193,103.9090843,1.4009831,,0
25,3,way/534638193,103.9090843,1.4009831,way/75138967,103.9092551,1.4008644,,0
26,3,way/75138967,103.9092551,1.4008644,way/635714418,103.9096081,1.4006113,,0
27,3,way/635714418,103.9096081,1.4006113,way/536982024,103.9102055,1.4001758,,0
28,3,way/536982024,103.9102055,1.4001758,Opp Blk 188(65271),103.9106464,1.3999807,,0
29,3,Opp Blk 188(65271),103.9106464,1.3999807,way/476147262,103.91078,1.3997594,,0
30,3,way/476147262,103.91078,1.3997594,way/476147261,103.9112073,1.399454,,0
31,3,way/476147261,103.9112073,1.399454,way/655190964,103.9117637,1.3990467,,0
32,3,way/655190964,103.9117637,1.3990467,way/620264529,103.9122546,1.3986909,,0
33,3,way/620264529,103.9122546,1.3986909,way/620264528,103.9126742,1.3984024,,0
34,3,way/620264528,103.9126742,1.3984024,way/534638684,103.9129837,1.398185,,0
35,3,way/534638684,103.9129837,1.398185,way/635641069,103.9131517,1.398063,,0
36,3,way/635641069,103.9131517,1.398063,Blk 649(65261),103.9146038,1.3971462,,0
37,3,Blk 649(65261),103.9146038,1.3971462,way/620263126,103.9160256,1.395998,,0
38,3,way/620263126,103.9160256,1.395998,way/696697257,103.9163243,1.3957866,,0
39,3,way/696697257,103.9163243,1.3957866,way/620263125,103.9166003,1.3955908,,0
40,3,way/620263125,103.9166003,1.3955908,way/ 534636066,103.9167929,1.3954485,,0
41,3,way/ 534636066,103.9167929,1.3954485,way/74477406,103.9168305,1.3953302,,0
42,3,way/74477406,103.9168305,1.3953302,way/630420434,103.9167293,1.395188,,0
43,3,way/630420434,103.9167293,1.395188,way/476145611,103.9164905,1.394865,,0
44,3,way/476145611,103.9164905,1.394865,way/Riviera Stn Exit A(65239),103.916123,1.3942075,,0
45,3,way/Riviera Stn Exit A(65239),103.916123,1.3942075,way/655172009,103.9158136,1.3939314,,0
46,3,way/655172009,103.9158136,1.3939314,way/475941379,103.9152764,1.3931841,,0
47,3,way/475941379,103.9152764,1.3931841,way/620514218,103.9151316,1.3929868,,0
48,3,way/620514218,103.9151316,1.3929868,way/620514217,103.9149772,1.3927764,,0
49,3,way/620514217,103.9149772,1.3927764,way/620514219,103.9148852,1.3926442,,0
50,3,way/620514219,103.9148852,1.3926442,way/620514216,103.9147466,1.3924406,,0
51,3,way/620514216,103.9147466,1.3924406,way/173963241,103.9146128,1.3922479,,0
52,3,way/173963241,103.9146128,1.3922479,way/35092009,103.9145156,1.3922418,,0
53,3,way/35092009,103.9145156,1.3922418,way/620514577,103.914284,1.3924337,,0
54,3,way/620514577,103.914284,1.3924337,way/620514576,103.9140113,1.392657,,0
55,3,way/620514576,103.9140113,1.392657,way/173963244,103.9136841,1.3929187,,0
56,3,way/173963244,103.9136841,1.3929187,way/620514575,103.9134004,1.393147,,0
57,3,way/620514575,103.9134004,1.393147,way/620514878,103.9124308,1.3939458,,0
58,3,way/620514878,103.9124308,1.3939458,Coral Edge Stn Exit A(65179),103.9118997,1.3942822,,0
59,3,Coral Edge Stn Exit A(65179),103.9118997,1.3942822,way/535773836,103.9113722,1.3948128,,0
60,3,way/535773836,103.9113722,1.3948128,way/620514877,103.9110801,1.3950557,,0
61,3,way/620514877,103.9110801,1.3950557,way/534637120,103.9108927,1.3952198,,0
62,3,way/534637120,103.9108927,1.3952198,Meridian Stn Exit A(65169),103.910029,1.3958293,,0
63,3,Meridian Stn Exit A(65169),103.910029,1.3958293,way/534637123,103.90954,1.396298,,0
64,3,way/534637123,103.90954,1.396298,way/620519867,103.9081877,1.3973968,,0
65,3,way/620519867,103.9081877,1.3973968,way/649801185,103.9078244,1.3977026,,0
66,3,way/649801185,103.9078244,1.3977026,way/620519868,103.9075658,1.3979008,,0
67,3,way/620519868,103.9075658,1.3979008,way/620519866,103.9073006,1.3981067,,0
68,3,way/620519866,103.9073006,1.3981067,way/512918169,103.9071746,1.3982113,,0
69,3,way/512918169,103.9071746,1.3982113,way/175052982,103.9070222,1.3983536,,0
70,3,way/175052982,103.9070222,1.3983536,Cove Stn Exit A(65159),103.9061631,1.3990411,,0
71,3,Cove Stn Exit A(65159),103.9061631,1.3990411,way/620522276,103.905969,1.3991975,,0
72,3,way/620522276,103.905969,1.3991975,way/620522277,103.9057933,1.3993302,,0
73,3,way/620522277,103.9057933,1.3993302,way/620522275,103.9055425,1.3995032,,0
74,3,way/620522275,103.9055425,1.3995032,way/445283041,103.9051807,1.3995924,,0
75,3,way/445283041,103.9051807,1.3995924,Blk 102C(65079),103.9047796,1.3988936,,0
76,3,Blk 102C(65079),103.9047796,1.3988936,way/620576652,103.9043657,1.3982583,,0
77,3,way/620576652,103.9043657,1.3982583,way/717057840,103.9041902,1.3978999,,0
78,3,way/717057840,103.9041902,1.3978999,way/166722003,103.90415,1.3973321,,0
79,3,way/166722003,103.90415,1.3973321,way/661322721,103.9043975,1.3968151,,0
80,3,way/661322721,103.9043975,1.3968151,way/668176473,103.9047152,1.3965349,,0
81,3,way/668176473,103.9047152,1.3965349,Aft Punggol Rd(65199),103.9055001,1.3959978,,0
82,3,Bef Punggol Rd(65191),103.9051626,1.3952405,way/626575145,103.9044675,1.3959093,,1
83,3,way/626575145,103.9044675,1.3959093,way/479744511,103.9041934,1.3960503,,1
84,3,way/479744511,103.9041934,1.3960503,way/74584466,103.9037406,1.3963029,,1
85,3,way/74584466,103.9037406,1.3963029,way/500371481,103.9033917,1.396509,,1
86,3,way/500371481,103.9033917,1.396509,way/32776686,103.9033771,1.3965863,,1
87,3,way/32776686,103.9033771,1.3965863,way/166721998,103.9035279,1.3968741,,1
88,3,way/166721998,103.9035279,1.3968741,way/166722000,103.9036962,1.3972119,,1
89,3,way/166722000,103.9036962,1.3972119,way/582412264,103.9038953,1.3976101,,1
90,3,way/582412264,103.9038953,1.3976101,Opp Blk 103A(65071),103.9041539,1.3984929,,1
91,3,Opp Blk 103A(65071),103.9041539,1.3984929,way/620522273,103.9045689,1.3990071,,1
92,3,way/620522273,103.9045689,1.3990071,way/620522272,103.904659,1.3992284,,1
93,3,way/620522272,103.904659,1.3992284,way/717055145,103.9047441,1.3994461,,1
94,3,way/717055145,103.9047441,1.3994461,way/620522271,103.9048002,1.3995832,,1
95,3,way/620522271,103.9048002,1.3995832,way/582412281,103.9048816,1.399756,,1
96,3,way/582412281,103.9048816,1.399756,way/174886184,103.9049897,1.3999899,,1
97,3,way/174886184,103.9049897,1.3999899,way/74477400,103.905091,1.4000273,,1
98,3,way/74477400,103.905091,1.4000273,way/582412282,103.9052805,1.3999071,,1
99,3,way/582412282,103.9052805,1.3999071,way/174886180,103.9055732,1.3997351,,1
100,3,way/174886180,103.9055732,1.3997351,way/476148405,103.9058406,1.3995743,,1
101,3,way/476148405,103.9058406,1.3995743,way/708890745,103.9060204,1.3994459,,1
102,3,way/708890745,103.9060204,1.3994459,Cove Stn Exit B(65151),103.9065501,1.3991335,,1
103,3,Cove Stn Exit B(65151),103.9065501,1.3991335,way/476148407,103.9068392,1.3987445,,1
104,3,way/476148407,103.9068392,1.3987445,way/476148409,103.9069952,1.3986145,,1
105,3,way/476148409,103.9069952,1.3986145,way/476148408,103.9071495,1.3984793,,1
106,3,way/476148408,103.9071495,1.3984793,way/75138969,103.9072694,1.3983646,,1
107,3,way/75138969,103.9072694,1.3983646,way/476148411,103.9074061,1.3982609,,1
108,3,way/476148411,103.9074061,1.3982609,way/512918170,103.9081948,1.3976368,,1
109,3,way/512918170,103.9081948,1.3976368,way/476149333,103.9089754,1.3970058,,1
110,3,way/476149333,103.9089754,1.3970058,way/476149334,103.9095205,1.3965583,,1
111,3,way/476149334,103.9095205,1.3965583,Meridian Stn Exit B(65161),103.9098666,1.3963978,,1
112,3,Meridian Stn Exit B(65161),103.9098666,1.3963978,way/649392802,103.9104588,1.3957934,,1
113,3,way/649392802,103.9104588,1.3957934,way/476149336,103.910068,1.3961133,,1
114,3,way/476149336,103.910068,1.3961133,way/649392802,103.9104588,1.3957934,,1
115,3,way/649392802,103.9104588,1.3957934,way/476149336,103.9108503,1.3954661,,1
116,3,way/476149336,103.9108503,1.3954661,way/534637114,103.9109988,1.3953432,,1
117,3,way/534637114,103.9109988,1.3953432,way/476149337,103.9111445,1.3952234,,1
118,3,way/476149337,103.9111445,1.3952234,way/383281865,103.9118815,1.3946052,,1
119,3,way/383281865,103.9118815,1.3946052,Coral Edge Stn Exit B(65171),103.9122461,1.3944344,,1
120,3,Coral Edge Stn Exit B(65171),103.9122461,1.3944344,way/476149339,103.9128216,1.3938293,,1
121,3,way/476149339,103.9128216,1.3938293,way/476149338,103.9133427,1.3934032,,1
122,3,way/476149338,103.9133427,1.3934032,way/476149340,103.91365,1.3931405,,1
123,3,way/476149340,103.91365,1.3931405,way/620514212,103.9138191,1.3929834,,1
124,3,way/620514212,103.9138191,1.3929834,way/620514213,103.9140314,1.3927975,,1
125,3,way/620514213,103.9140314,1.3927975,way/218215407,103.9144564,1.3926504,,1
126,3,way/218215407,103.9144564,1.3926504,way/74477408,103.9153411,1.3935515,,1
127,3,way/74477408,103.9153411,1.3935515,Riviera Stn Exit B(65231),103.915795,1.39429,,1
128,3,Riviera Stn Exit B(65231),103.915795,1.39429,way/651978152,103.916034,1.3945559,,1
129,3,way/651978152,103.916034,1.3945559,way/651978151,103.916195,1.3947881,,1
130,3,way/651978151,103.916195,1.3947881,way/476165178,103.9163595,1.3950202,,1
131,3,way/476165178,103.9163595,1.3950202,way/218215393,103.9164498,1.395352,,1
132,3,way/218215393,103.9164498,1.395352,way/652543423,103.9161396,1.3957488,,1
133,3,way/652543423,103.9161396,1.3957488,Blk 162B( 65269),103.9149239,1.3964771,,1
134,3,Blk 162B( 65269),103.9149239,1.3964771,way/173963235,103.9147514,1.3967436,,1
135,3,way/173963235,103.9147514,1.3967436,way/652543422,103.9135807,1.3975747,,1
136,3,way/652543422,103.9135807,1.3975747,way/476147257,103.9133572,1.3977306,,1
137,3,way/476147257,103.9133572,1.3977306,way/476147258,103.9130674,1.3979363,,1
138,3,way/476147258,103.9130674,1.3979363,way/534638687,103.9128912,1.3980616,,1
139,3,way/534638687,103.9128912,1.3980616,way/383281858,103.9127283,1.3981735,,1
140,3,way/383281858,103.9127283,1.3981735,way/635650898,103.9118284,1.3988199,,1
141,3,way/635650898,103.9118284,1.3988199,Bet Blks 187/188(65279),103.9109875,1.3993093,,1
142,3,Bet Blks 187/188(65279),103.9109875,1.3993093,way/476147260,103.9108068,1.3995509,,1
143,3,way/476147260,103.9108068,1.3995509,way/476147259,103.9104045,1.3998445,,1
144,3,way/476147259,103.9104045,1.3998445,way/476147263,103.9100284,1.4001315,,1
145,3,way/476147263,103.9100284,1.4001315,way/476147265,103.9097563,1.4003306,,1
146,3,way/476147265,103.9097563,1.4003306,way/649376877,103.9094879,1.4005149,,1
147,3,way/649376877,103.9094879,1.4005149,way/476147266,103.9091688,1.4007446,,1
148,3,way/476147266,103.9091688,1.4007446,way/325024330,103.9090054,1.4008666,,1
149,3,way/325024330,103.9090054,1.4008666,way/75138966,103.9088496,1.4009776,,1
150,3,way/75138966,103.9088496,1.4009776,way/512918167,103.9084788,1.4012476,,1
151,3,way/512918167,103.9084788,1.4012476,way/476147269,103.9079509,1.4016329,,1
152,3,way/476147269,103.9079509,1.4016329,Opp Punggol Sec/Blk 195E(65289),103.907635,1.401732,,1
153,3,Opp Punggol Sec/Blk 195E(65289),103.907635,1.401732,way/476147268,103.9074903,1.4019613,,1
154,3,way/476147268,103.9074903,1.4019613,way/476147272,103.9071374,1.4022023,,1
155,3,way/476147272,103.9071374,1.4022023,way/476147274,103.9068376,1.402409,,1
156,3,way/476147274,103.9068376,1.402409,way/476147273,103.9065073,1.4026478,,1
157,3,way/476147273,103.9065073,1.4026478,way/74962086,103.9062669,1.4028164,,1
158,3,way/74962086,103.9062669,1.4028164,way/582412253,103.9060832,1.4029351,,1
159,3,way/582412253,103.9060832,1.4029351,Blk 298(65229),103.9055521,1.4032091,,1
160,3,Blk 298(65229),103.9055521,1.4032091,way/476389393,103.9049679,1.4036357,,1
161,3,way/476389393,103.9049679,1.4036357,way/476389392,103.9046897,1.4038113,,1
162,3,way/476389392,103.9046897,1.4038113,way/620275278,103.9043156,1.4040446,,1
163,3,way/620275278,103.9043156,1.4040446,way/445282964,103.9039709,1.4042547,,1
164,3,way/445282964,103.9039709,1.4042547,way/173767826,103.9037589,1.4042144,,1
165,3,way/173767826,103.9037589,1.4042144,way/445282968,103.9035946,1.4039482,,1
166,3,way/445282968,103.9035946,1.4039482,way/652306771,103.9032771,1.403441,,1
167,3,way/652306771,103.9032771,1.403441,way/724076800,103.9030445,1.4030729,,1
168,3,way/724076800,103.9030445,1.4030729,way/173768002,103.9030095,1.4030891,,1
169,3,way/173768002,103.9030095,1.4030891,way/325024332,103.9026466,1.4033011,,1
170,3,way/325024332,103.9026466,1.4033011,Punggol Temp Int(65009),103.9025242,1.404107,,1
171,34,Punggol Temp Int(65009),103.9025242,1.404107,way/325024332,103.9026466,1.4033011,,0
172,34,way/325024332,103.9026466,1.4033011,way/173767827,103.9029803,1.4031145,,0
173,34,way/173767827,103.9029803,1.4031145,way/724076802,103.9031708,1.4034225,,0
174,34,way/724076802,103.9031708,1.4034225,way/476395133,103.9034199,1.4038215,,0
175,34,way/476395133,103.9034199,1.4038215,way/708819911,103.9035459,1.4040253,,0
176,34,way/708819911,103.9035459,1.4040253,way/445282971,103.903687,1.404257,,0
177,34,way/445282971,103.903687,1.404257,way/74953813,103.9037954,1.4044306,,0
178,34,way/74953813,103.9037954,1.4044306,way/74962089,103.9038671,1.4044623,,0
179,34,way/74962089,103.9038671,1.4044623,way/445282963,103.9040093,1.4043935,,0
180,34,way/445282963,103.9040093,1.4043935,way/74962070,103.9045282,1.4041069,,0
181,34,way/74962070,103.9045282,1.4041069,Blk 303D(65221),103.9048174,1.4040774,,0
182,34,Blk 303D(65221),103.9048174,1.4040774,way/476389391,103.9050768,1.4037792,,0
183,34,way/476389391,103.9050768,1.4037792,way/476389390,103.9053743,1.4035741,,0
184,34,way/476389390,103.9053743,1.4035741,way/476389868,103.9057294,1.4033408,,0
185,34,way/476389868,103.9057294,1.4033408,way/476389869,103.9060854,1.4030945,,0
186,34,way/476389869,103.9060854,1.4030945,way/74962084,103.9063092,1.4029304,,0
187,34,way/74962084,103.9063092,1.4029304,way/74662287,103.906247,1.4025992,,0
188,34,way/74662287,103.906247,1.4025992,way/174886183,103.9058481,1.4013487,,0
189,34,way/174886183,103.9058481,1.4013487,Opp Blk 296(65089),103.9058481,1.4013487,,0
190,34,Opp Blk 296(65089),103.9058481,1.4013487,way/476148400,103.9056329,1.4010729,,0
191,34,way/476148400,103.9056329,1.4010729,way/ 476148399,103.9055005,1.4007496,,0
192,34,way/ 476148399,103.9055005,1.4007496,way/476148403,103.905354,1.4004225,,0
193,34,way/476148403,103.905354,1.4004225,way/476148404,103.9052181,1.4001248,,0
194,34,way/476148404,103.9052181,1.4001248,way/174886182,103.9051238,1.3999013,,0
195,34,way/174886182,103.9051238,1.3999013,way/445282972,103.9050308,1.3996857,,0
196,34,way/445282972,103.9050308,1.3996857,Blk 102C(65079),103.9047796,1.3988936,,0
197,34,Blk 102C(65079),103.9047796,1.3988936,way/620576652,103.904365,1.3982583,,0
198,34,way/620576652,103.904365,1.3982583,way/717057840,103.9041902,1.3978999,,0
199,34,way/717057840,103.9041902,1.3978999,way/166722003,103.90415,1.3973321,,0
200,34,way/166722003,103.90415,1.3973321,way/661322721,103.9043975,1.3968151,,0
201,34,way/661322721,103.9043975,1.3968151,way/668176473,103.9047152,1.3965349,,0
202,34,way/668176473,103.9047152,1.3965349,Aft Punggol Rd(65199),103.9055001,1.3959978,,0
203,34,Bef Punggol Rd(65191),103.9051626,1.3952405,way/626575145,103.9044675,1.3959093,,1
204,34,way/626575145,103.9044675,1.3959093,way/479744511,103.9041934,1.3960503,,1
205,34,way/479744511,103.9041934,1.3960503,way/74584466,103.9037406,1.3963029,,1
206,34,way/74584466,103.9037406,1.3963029,way/500371481,103.9033917,1.396509,,1
207,34,way/500371481,103.9033917,1.396509,way/32776686,103.9033771,1.3965863,,1
208,34,way/32776686,103.9033771,1.3965863,way/166721998,103.9035279,1.3968741,,1
209,34,way/166721998,103.9035279,1.3968741,way/166722000,103.9036962,1.3972119,,1
210,34,way/166722000,103.9036962,1.3972119,way/582412264,103.9038953,1.3976101,,1
211,34,way/582412264,103.9038953,1.3976101,Opp Blk 103A(65071),103.9041539,1.3984929,,1
212,34,Opp Blk 103A(65071),103.9041539,1.3984929,way/620522273,103.9045689,1.3990071,,1
213,34,way/620522273,103.9045689,1.3990071,way/620522272,103.904659,1.3992284,,1
214,34,way/620522272,103.904659,1.3992284,way/717055145,103.9047441,1.3994461,,1
215,34,way/717055145,103.9047441,1.3994461,way/620522271,103.9048002,1.3995832,,1
216,34,way/620522271,103.9048002,1.3995832,way/582412281,103.9048816,1.399756,,1
217,34,way/582412281,103.9048816,1.399756,way/174886184,103.9049897,1.3999899,,1
218,34,way/174886184,103.9049897,1.3999899,way/582412283,103.9051045,1.4002534,,1
219,34,way/582412283,103.9051045,1.4002534,way/74477402,103.9053171,1.4007108,,1
220,34,way/74477402,103.9053171,1.4007108,Opp Blk 199C(65081),103.9052968,1.4009585,,1
221,34,Opp Blk 199C(65081),103.9052968,1.4009585,way/476148402,103.9055115,1.4011396,,1
222,34,way/476148402,103.9055115,1.4011396,way/476148401,103.9056737,1.4015364,,1
223,34,way/476148401,103.9056737,1.4015364,way/620272657,103.9058539,1.4020048,,1
224,34,way/620272657,103.9058539,1.4020048,way/620272655,103.9060147,1.4024111,,1
225,34,way/620272655,103.9060147,1.4024111,way/582412254,103.9061524,1.4027208,,1
226,34,way/582412254,103.9061524,1.4027208,way/582412253,103.9060832,1.4029351,,1
227,34,way/582412253,103.9060832,1.4029351,Blk 298(65229),103.9055521,1.4032091,,1
228,34,Blk 298(65229),103.9055521,1.4032091,way/476389393,103.9049679,1.4036357,,1
229,34,way/476389393,103.9049679,1.4036357,way/476389392,103.9046897,1.4038113,,1
230,34,way/476389392,103.9046897,1.4038113,way/620275278,103.9043156,1.4040446,,1
231,34,way/620275278,103.9043156,1.4040446,way/445282964,103.9039709,1.4042547,,1
232,34,way/445282964,103.9039709,1.4042547,way/173767826,103.9037589,1.4042144,,1
233,34,way/173767826,103.9037589,1.4042144,way/445282968,103.9035946,1.4039482,,1
234,34,way/445282968,103.9035946,1.4039482,way/652306771,103.9032771,1.403441,,1
235,34,way/652306771,103.9032771,1.403441,way/724076800,103.9030445,1.4030729,,1
236,34,way/724076800,103.9030445,1.4030729,way/173768002,103.9030095,1.4030891,,1
237,34,way/173768002,103.9030095,1.4030891,way/325024332,103.9026466,1.4033011,,1
238,34,way/325024332,103.9026466,1.4033011,Punggol Temp Int(65009)1.404107 / 103.9025242,,,,1
239,43,Punggol Temp Int(65009),103.9025242,1.404107,way/173767827,103.9029803,1.4031145,,0
240,43,way/173767827,103.9029803,1.4031145,way/724076802,103.9031708,1.4034225,,0
241,43,way/724076802,103.9031708,1.4034225,way/476395133,103.9034199,1.4038215,,0
242,43,way/476395133,103.9034199,1.4038215,way/708819911,103.9035459,1.4040253,,0
243,43,way/708819911,103.9035459,1.4040253,way/445282971,103.903687,1.404257,,0
244,43,way/445282971,103.903687,1.404257,way/445282965,103.9036444,1.4044462,,0
245,43,way/445282965,103.9036444,1.4044462,Punggol Stn/Int(65259),103.9029973,1.4048048,,0
246,43,Punggol Stn/Int(65259),103.9029973,1.4048048,way/476389387,103.9023343,1.4051681,,0
247,43,way/476389387,103.9023343,1.4051681,way/476389386,103.9021794,1.4052508,,0
248,43,way/476389386,103.9021794,1.4052508,way/476395132,103.9019016,1.405411,,0
249,43,way/476395132,103.9019016,1.405411,way/734884726,103.9015594,1.4056024,,0
250,43,way/734884726,103.9015594,1.4056024,way/476395130,103.9013289,1.4057177,,0
251,43,way/476395130,103.9013289,1.4057177,way/476395125,103.9010459,1.4058786,,0
252,43,way/476395125,103.9010459,1.4058786,way/500373595,103.9008446,1.4059927,,0
253,43,way/500373595,103.9008446,1.4059927,way/582412262,103.9006425,1.4060716,,0
254,43,way/582412262,103.9006425,1.4060716,Bef Blk 264(65409),103.899574,1.406245,,0
255,43,Bef Blk 264(65409),103.899574,1.406245,way/476395118,103.8984331,1.4063477,,0
256,43,way/476395118,103.8984331,1.4063477,way/655182285,103.8981845,1.4063513,,0
257,43,way/655182285,103.8981845,1.4063513,way/445716718,103.8978696,1.4063552,,0
258,43,way/445716718,103.8978696,1.4063552,way/445716728,103.8976435,1.4061981,,0
259,43,way/445716728,103.8976435,1.4061981,way/717446182,103.8975195,1.4058358,,0
260,43,way/717446182,103.8975195,1.4058358,Soo Teck Stn(65141),103.8974167,1.4053356,,0
261,43,Soo Teck Stn(65141),103.8974167,1.4053356,way/74668481,103.8973056,1.4051196,,0
262,43,way/74668481,103.8973056,1.4051196,way/717446181,103.8971189,1.4044194,,0
263,43,way/717446181,103.8971189,1.4044194,way/620530723,103.8970463,1.4041105,,0
264,43,way/620530723,103.8970463,1.4041105,way/620530724,103.8969556,1.40368,,0
265,43,way/620530724,103.8969556,1.40368,way/500374533,103.8968757,1.4033165,,0
266,43,way/500374533,103.8968757,1.4033165,way/582412290,103.896838,1.40314,,0
267,43,way/582412290,103.896838,1.40314,Twin Waterfalls(65431),103.8967454,1.4024184,,0
268,43,Aft TPE(65439),103.8963115,1.4017197,way/717440786,103.8965417,1.402309,,1
269,43,way/717440786,103.8965417,1.402309,way/476693038,103.8966044,1.4027476,,1
270,43,way/476693038,103.8966044,1.4027476,way/582412289,103.8966663,1.4031707,,1
271,43,way/582412289,103.8966663,1.4031707,way/476693039,103.8966966 (,1.4033432,,1
272,43,way/476693039,103.8966966 (,1.4033432,way/582412286,103.8967252,1.4035041,,1
273,43,way/582412286,103.8967252,1.4035041,way/190451323,103.8969487,1.4044363,,1
274,43,way/190451323,103.8969487,1.4044363,Soo Teck Stn(65141),103.89706,1.4052507,,1
275,43,Soo Teck Stn(65141),103.89706,1.4052507,way/652021502,103.897184,1.4053684,,1
276,43,way/652021502,103.897184,1.4053684,way/476389376,103.8972504,1.4055936,,1
277,43,way/476389376,103.8972504,1.4055936,way/717446183,103.8973102,1.4058037,,1
278,43,way/717446183,103.8973102,1.4058037,way/476389378,103.8974077,1.4061272,,1
279,43,way/476389378,103.8974077,1.4061272,way/500373727,103.8974941,1.4064088,,1
280,43,way/500373727,103.8974941,1.4064088,way/445716719,103.8976227,1.4064708,,1
281,43,way/445716719,103.8976227,1.4064708,way/445716717,103.8980011,1.4064878,,1
282,43,way/445716717,103.8980011,1.4064878,Opp Blk 264A(65401),103.89871,1.4065689,,1
283,43,Opp Blk 264A(65401),103.89871,1.4065689,way/33194100,103.8991047,1.4064662,,1
284,43,way/33194100,103.8991047,1.4064662,way/476389380,103.9001288,1.4063874,,1
285,43,way/476389380,103.9001288,1.4063874,way/476389381,103.9004595,1.4062974,,1
286,43,way/476389381,103.9004595,1.4062974,way/476389382,103.9007177,1.4061987,,1
287,43,way/476389382,103.9007177,1.4061987,way/500373597,103.9008932,1.4061163,,1
288,43,way/500373597,103.9008932,1.4061163,way/582412260,103.9010449,1.406043,,1
289,43,way/582412260,103.9010449,1.406043,way/711645502,103.9014221,1.4058365,,1
290,43,way/711645502,103.9014221,1.4058365,way/711645501,103.9017907,1.4056298,,1
291,43,way/711645501,103.9017907,1.4056298,way/476389383,103.9020661,1.4054726,,1
292,43,way/476389383,103.9020661,1.4054726,way/476389384,103.9023941,1.4052871,,1
293,43,way/476389384,103.9023941,1.4052871,way/476389385,103.9028167,1.40505,,1
294,43,way/476389385,103.9028167,1.40505,way/476389388,103.9033291,1.4047617,,1
295,43,way/476389388,103.9033291,1.4047617,way/445282966,103.9036903,1.4045582,,1
296,43,way/445282966,103.9036903,1.4045582,way/74962089,103.9038671,1.4044623,,1
297,43,way/74962089,103.9038671,1.4044623,way/74953808,103.903871,1.4043901,,1
298,43,way/74953808,103.903871,1.4043901,way/173767826,103.9037589,1.4042144,,1
299,43,way/173767826,103.9037589,1.4042144,way/445282968,103.9035946,1.4039482,,1
300,43,way/445282968,103.9035946,1.4039482,way/652306771,103.9032771,1.403441,,1
301,43,way/652306771,103.9032771,1.403441,way/724076800,103.9030445,1.4030729,,1
302,43,way/724076800,103.9030445,1.4030729,way/173768002,103.9030095,1.4030891,,1
303,43,way/173768002,103.9030095,1.4030891,way/325024332,103.9026466,1.4033011,,1
304,43,way/325024332,103.9026466,1.4033011,Punggol Temp Int(65009),103.9025242,1.404107,,1
305,50,Punggol Temp Int(65009),103.9025242,1.404107,way/173767827,103.9029803,1.4031145,,0
306,50,way/173767827,103.9029803,1.4031145,way/724076802,103.9031708,1.4034225,,0
307,50,way/724076802,103.9031708,1.4034225,way/476395133,103.9034199,1.4038215,,0
308,50,way/476395133,103.9034199,1.4038215,way/708819911,103.9035459,1.4040253,,0
309,50,way/708819911,103.9035459,1.4040253,way/445282971,103.903687,1.404257,,0
310,50,way/445282971,103.903687,1.404257,way/74953813,103.9037954,1.4044306,,0
311,50,way/74953813,103.9037954,1.4044306,way/445282969,103.9038951,1.4046009,,0
312,50,way/445282969,103.9038951,1.4046009,way/445716727,103.9040519,1.4048796,,0
313,50,way/445716727,103.9040519,1.4048796,way/701649044,103.9043424,1.4053965,,0
314,50,way/701649044,103.9043424,1.4053965,Opp Punggol View Pr Sch(65359),103.9043482,1.4055431,,0
315,50,Opp Punggol View Pr Sch(65359),103.9043482,1.4055431,way/701649042,103.9047445,1.4061078,,0
316,50,way/701649042,103.9047445,1.4061078,way/701649043,103.9049749,1.4065128,,0
317,50,way/701649043,103.9049749,1.4065128,way/701649041,103.905083,1.4067095,,0
318,50,way/701649041,103.905083,1.4067095,way/620219323,103.9052018,1.4069438,,0
319,50,way/620219323,103.9052018,1.4069438,way/74962072,103.9052853,1.4071323,,0
320,50,way/74962072,103.9052853,1.4071323,way/500372423,103.905355,1.4072998,,0
321,50,way/500372423,103.905355,1.4072998,way/445716722,103.905426,1.4073461,,0
322,50,way/445716722,103.905426,1.4073461,way/500372422,103.905657,1.4072367,,0
323,50,way/500372422,103.905657,1.4072367,way/197540847,103.9064268,1.4068125,,0
324,50,way/197540847,103.9064268,1.4068125,way/476139920,103.9071824,1.4063593,,0
325,50,way/476139920,103.9071824,1.4063593,way/476139922,103.9073972,1.406214,,0
326,50,way/476139922,103.9073972,1.406214,way/630420271,103.9075782,1.4060872,,0
327,50,way/630420271,103.9075782,1.4060872,way/500372303,103.907765,1.4059554,,0
328,50,way/500372303,103.907765,1.4059554,way/582412251,103.907939,1.40583,,0
329,50,way/582412251,103.907939,1.40583,Damai Stn Exit A(65309),103.909134,1.404944,,0
330,50,Damai Stn Exit A(65309),103.909134,1.404944,way/476139921,103.9091685,1.4049583,,0
331,50,way/476139921,103.9091685,1.4049583,way/708917466,103.910365,1.4041068,,0
332,50,way/708917466,103.910365,1.4041068,way/476145597,103.9105924,1.4039415,,0
333,50,way/476145597,103.9105924,1.4039415,way/476145598,103.9108484,1.4037605,,0
334,50,way/476145598,103.9108484,1.4037605,way/534634682,103.911006,1.4036399,,0
335,50,way/534634682,103.911006,1.4036399,way/476145599,103.9111654,1.403519,,0
336,50,way/476145599,103.9111654,1.403519,way/383281860,103.9123422,1.4026813,,0
337,50,way/383281860,103.9123422,1.4026813,Oasis Stn Exit A(65319),103.9127387,1.402466,,0
338,50,Oasis Stn Exit A(65319),103.9127387,1.402466,way/775154960,103.9136024,1.4017812,,0
339,50,way/775154960,103.9136024,1.4017812,way/775154959,103.9138509,1.4016009,,0
340,50,way/775154959,103.9138509,1.4016009,way/476145600,103.9140174,1.4014794,,0
341,50,way/476145600,103.9140174,1.4014794,way/649374014,103.9142241,1.4013292,,0
342,50,way/649374014,103.9142241,1.4013292,way/649374013,103.9144509,1.4011691,,0
343,50,way/649374013,103.9144509,1.4011691,way/476145601,103.9147224,1.4009682,,0
344,50,way/476145601,103.9147224,1.4009682,way/534635081,103.9148911,1.4008384,,0
345,50,way/534635081,103.9148911,1.4008384,way/652255321,103.9158567,1.4001391,,0
346,50,way/652255321,103.9158567,1.4001391,Kadaloor Stn Exit A(65329),103.9162493,1.3999112,,0
347,50,Kadaloor Stn Exit A(65329),103.9162493,1.3999112,way/383281861,103.9167327,1.3995168,,0
348,50,way/383281861,103.9167327,1.3995168,way/774906812,103.9172174,1.3991641,,0
349,50,way/774906812,103.9172174,1.3991641,way/476145602,103.9177427,1.3987791,,0
350,50,way/476145602,103.9177427,1.3987791,way/774906811,103.9181916,1.3984389,,0
351,50,way/774906811,103.9181916,1.3984389,way/476145603,103.9185164,1.3981932,,0
352,50,way/476145603,103.9185164,1.3981932,way/534635487,103.9186804,1.3980799,,0
353,50,way/534635487,103.9186804,1.3980799,way/32776803,103.9187116,1.3979913,,0
354,50,way/32776803,103.9187116,1.3979913,way/476145609,103.9185983,1.3978174,,0
355,50,way/476145609,103.9185983,1.3978174,way/633589043,103.9182937,1.3973955,,0
356,50,way/633589043,103.9182937,1.3973955,Bef Punggol Ctrl(65189),103.91793,1.396827,,0
357,50,Bef Punggol Ctrl(65189),103.91793,1.396827,way/715626227,103.9177926,1.3966919,,0
358,50,way/715626227,103.9177926,1.3966919,way/535779871,103.9174466,1.3961885,,0
359,50,way/535779871,103.9174466,1.3961885,way/715626226,103.9172812,1.3959548,,0
360,50,way/715626226,103.9172812,1.3959548,way/476145610,103.9171306,1.3957514,,0
361,50,way/476145610,103.9171306,1.3957514,way/682831300,103.9169754,1.3955382,,0
362,50,way/682831300,103.9169754,1.3955382,way/74477406,103.9168305,1.3953302,,0
363,50,way/74477406,103.9168305,1.3953302,way/630420434,103.9167293,1.395188,,0
364,50,way/630420434,103.9167293,1.395188,way/476145611,103.9164905,1.394865,,0
365,50,way/476145611,103.9164905,1.394865,Riviera Stn Exit A(65239),103.916123,1.3942075,,0
366,50,Riviera Stn Exit A(65239),103.916123,1.3942075,way/655172009,103.9158136,1.3939314,,0
367,50,way/655172009,103.9158136,1.3939314,way/475941379,103.9152764,1.3931841,,0
368,50,way/475941379,103.9152764,1.3931841,way/620514218,103.9151316,1.3929868,,0
369,50,way/620514218,103.9151316,1.3929868,way/ 620514217,103.9149772,1.3927764,,0
370,50,way/ 620514217,103.9149772,1.3927764,way/620514219,103.9148852,1.3926442,,0
371,50,way/620514219,103.9148852,1.3926442,way/620514216,103.9147466,1.3924406,,0
372,50,way/620514216,103.9147466,1.3924406,way/173963241,103.9146128,1.3922479,,0
373,50,way/173963241,103.9146128,1.3922479,way/74477397,103.9145056,1.3920794,,0
374,50,way/74477397,103.9145056,1.3920794,Aft Punggol Field(65529),103.9142797,1.3914883,,0
375,50,Waterwoods(65521),103.9128944,1.3903418,way/620546647,103.9131792,1.3904935,,1
376,50,way/620546647,103.9131792,1.3904935,way/715617341,103.913342,1.3907061,,1
377,50,way/715617341,103.913342,1.3907061,way/620546636,103.9134751,1.3908855,,1
378,50,way/620546636,103.9134751,1.3908855,way/621114246,103.9135747,1.3910159,,1
379,50,way/621114246,103.9135747,1.3910159,way/32758741,103.9137249,1.3912042,,1
380,50,way/32758741,103.9137249,1.3912042,way/700184504,103.9139361,1.391488,,1
381,50,way/700184504,103.9139361,1.391488,way/475921344,103.9140847,1.3917026,,1
382,50,way/475921344,103.9140847,1.3917026,way/715617340,103.9142168,1.3919132,,1
383,50,way/715617340,103.9142168,1.3919132,way/620514215,103.9143827,1.3921767,,1
384,50,way/620514215,103.9143827,1.3921767,way/173963239,103.9144944,1.3923422,,1
385,50,way/173963239,103.9144944,1.3923422,way/383281864,103.9146395,1.3925429,,1
386,50,way/383281864,103.9146395,1.3925429,way/74477408,103.9153411,1.3935515,,1
387,50,way/74477408,103.9153411,1.3935515,Riviera Stn Exit B(65231),103.915795,1.39429,,1
388,50,Riviera Stn Exit B(65231),103.915795,1.39429,way/651978152,103.916034,1.3945559,,1
389,50,way/651978152,103.916034,1.3945559,way/651978151,103.916195,1.3947881,,1
390,50,way/651978151,103.916195,1.3947881,way/476165178,103.9163595,1.3950202,,1
391,50,way/476165178,103.9163595,1.3950202,way/383281863,103.9164937,1.3952065,,1
392,50,way/383281863,103.9164937,1.3952065,way/630420435,103.9165789,1.3953181,,1
393,50,way/630420435,103.9165789,1.3953181,way/74477405,103.9166723,1.3954466,,1
394,50,way/74477405,103.9166723,1.3954466,way/166527473,103.9168063,1.3956307,,1
395,50,way/166527473,103.9168063,1.3956307,way/635693968,103.9170186,1.3959184,,1
396,50,way/635693968,103.9170186,1.3959184,way/708818531,103.9172544,1.3962404,,1
397,50,way/708818531,103.9172544,1.3962404,Aft Punggol Ctrl(65181),103.91755,1.3968139,,1
398,50,Aft Punggol Ctrl(65181),103.91755,1.3968139,way/620204251,103.9178042,1.3969778,,1
399,50,way/620204251,103.9178042,1.3969778,way/535779870,103.9183167,1.3976777,,1
400,50,way/535779870,103.9183167,1.3976777,way/620204248,103.9184763,1.3979128,,1
401,50,way/620204248,103.9184763,1.3979128,way/652256618,103.9184628,1.3980828,,1
402,50,way/652256618,103.9184628,1.3980828,way/652256616,103.9179677,1.3984231,,1
403,50,way/652256616,103.9179677,1.3984231,Kadaloor Stn Exit B(65321),103.9166662,1.3993112,,1
404,50,Kadaloor Stn Exit B(65321),103.9166662,1.3993112,way/700189199,103.9159398,1.3998672,,1
405,50,way/700189199,103.9159398,1.3998672,way/620211408,103.9157063,1.4000363,,1
406,50,way/620211408,103.9157063,1.4000363,way/649652557,103.9155448,1.4001528,,1
407,50,way/649652557,103.9155448,1.4001528,way/649652550,103.9154216,1.4002405,,1
408,50,way/649652550,103.9154216,1.4002405,way/620211409,103.9150902,1.4004829,,1
409,50,way/620211409,103.9150902,1.4004829,way/534635085,103.914792,1.4007019,,1
410,50,way/534635085,103.914792,1.4007019,way/534635088,103.9146657,1.4007959,,1
411,50,way/534635088,103.9146657,1.4007959,way/383281859,103.9132053,1.4018311,,1
412,50,way/383281859,103.9132053,1.4018311,Oasis Stn Exit B/Blk 617D(65311),103.9127005,1.4021461,,1
413,50,Oasis Stn Exit B/Blk 617D(65311),103.9127005,1.4021461,way/620213242,103.9116029,1.4029619,,1
414,50,way/620213242,103.9116029,1.4029619,way/620213241,103.9111521,1.4032867,,1
415,50,way/620213241,103.9111521,1.4032867,way/534634680,103.9108882,1.403484,,1
416,50,way/534634680,103.9108882,1.403484,way/635691794,103.9107576,1.4035789,,1
417,50,way/635691794,103.9107576,1.4035789,way/708918062,103.9099544,1.4041459,,1
418,50,way/708918062,103.9099544,1.4041459,Damai Stn Exit B(65301),103.909287,1.4045163,,1
419,50,Damai Stn Exit B(65301),103.909287,1.4045163,way/32758989,103.9091572,1.4047097,,1
420,50,way/32758989,103.9091572,1.4047097,way/708918061,103.9087557,1.4049936,,1
421,50,way/708918061,103.9087557,1.4049936,way/708918060,103.9083599,1.4052734,,1
422,50,way/708918060,103.9083599,1.4052734,way/476396181,103.9081272,1.4054507,,1
423,50,way/476396181,103.9081272,1.4054507,way/476396159,103.9078524,1.4056713,,1
424,50,way/476396159,103.9078524,1.4056713,way/500372306,103.9076799,1.4058058,,1
425,50,way/500372306,103.9076799,1.4058058,way/582412249,103.9075181,1.4059199,,1
426,50,way/582412249,103.9075181,1.4059199,way/630420275,103.907371,1.4060246,,1
427,50,way/630420275,103.907371,1.4060246,way/476396168,103.906692,1.4064645,,1
428,50,way/476396168,103.906692,1.4064645,way/620219321,103.9059022,1.4069423,,1
429,50,way/620219321,103.9059022,1.4069423,way/218215384,103.9055093 (,1.4069616,,1
430,50,way/218215384,103.9055093 (,1.4069616,way/632388863,103.9052107,1.4067831,,1
431,50,way/632388863,103.9052107,1.4067831,way/701648222,103.9048926,1.406207,,1
432,50,way/701648222,103.9048926,1.406207,Punggol View Pr Sch(65351),103.9048756,1.4059238,,1
433,50,Punggol View Pr Sch(65351),103.9048756,1.4059238,way/701648221,103.9045608,1.4056129,,1
434,50,way/701648221,103.9045608,1.4056129,way/35091912,103.9044373,1.405392,,1
435,50,way/35091912,103.9044373,1.405392,way/701648220,103.9042841,1.4051176,,1
436,50,way/701648220,103.9042841,1.4051176,way/476400646,103.904116,1.4048165,,1
437,50,way/476400646,103.904116,1.4048165,way/445282970,103.9039755,1.4045659,,1
438,50,way/445282970,103.9039755,1.4045659,way/74953808,103.903871,1.4043901,,1
439,50,way/74953808,103.903871,1.4043901,way/173767826,103.9037589,1.4042144,,1
440,50,way/173767826,103.9037589,1.4042144,way/445282968,103.9035946,1.4039482,,1
441,50,way/445282968,103.9035946,1.4039482,way/652306771,103.9032771,1.403441,,1
442,50,way/652306771,103.9032771,1.403441,way/724076800,103.9030445,1.4030729,,1
443,50,way/724076800,103.9030445,1.4030729,way/173768002,103.9030095,1.4030891,,1
444,50,way/173768002,103.9030095,1.4030891,way/325024332,103.9026466,1.4033011,,1
445,50,way/325024332,103.9026466,1.4033011,Punggol Temp Int(65009),103.9025242,1.404107,,1
446,62,Punggol Temp Int(65009),103.9025242,1.404107,way/325024332,103.9026466,1.4033011,,0
447,62,way/325024332,103.9026466,1.4033011,way/173768002,103.9030095,1.4030891,,0
448,62,way/173768002,103.9030095,1.4030891,way/173767825,103.9028338,1.4027251,,0
449,62,way/173767825,103.9028338,1.4027251,way/620524552,103.9025689,1.4022679,,0
450,62,way/620524552,103.9025689,1.4022679,way/ 620524553,103.9023885,1.4019699,,0
451,62,way/ 620524553,103.9023885,1.4019699,way/582412270,103.9021917,1.4016477,,0
452,62,way/582412270,103.9021917,1.4016477,way/582412269,103.9022328,1.4014473,,0
453,62,way/582412269,103.9022328,1.4014473,way/651945728,103.9027605,1.4011827,,0
454,62,way/651945728,103.9027605,1.4011827,way/174765789,103.9033078,1.4009198,,0
455,62,way/174765789,103.9033078,1.4009198,Opp Blk 201A(65201),103.9035672,1.4008806,,0
456,62,Opp Blk 201A(65201),103.9035672,1.4008806,way/651945727,103.9037815,1.4006966,,0
457,62,way/651945727,103.9037815,1.4006966,way/620522274,103.9042503,1.4004709,,0
458,62,way/620522274,103.9042503,1.4004709,way/649801637,103.9045313,1.4003359,,0
459,62,way/649801637,103.9045313,1.4003359,way/582412284,103.9048535,1.4001667,,0
460,62,way/582412284,103.9048535,1.4001667,way/74477400,103.905091,1.4000273,,0
461,62,way/74477400,103.905091,1.4000273,way/582412282,103.9052805,1.3999071,,0
462,62,way/582412282,103.9052805,1.3999071,way/174886180,103.9055732,1.3997351,,0
463,62,way/174886180,103.9055732,1.3997351,way/476148405,103.9058406,1.3995743,,0
464,62,way/476148405,103.9058406,1.3995743,way/708890745,103.9060204,1.3994459,,0
465,62,way/708890745,103.9060204,1.3994459,Cove Stn Exit B(65151),103.9065501,1.3991335,,0
466,62,Cove Stn Exit B(65151),103.9065501,1.3991335,way/476148407,103.9068392,1.3987445,,0
467,62,way/476148407,103.9068392,1.3987445,way/476148409,103.9069952,1.3986145,,0
468,62,way/476148409,103.9069952,1.3986145,way/476148408,103.9071495,1.3984793,,0
469,62,way/476148408,103.9071495,1.3984793,way/75138969,103.9072694,1.3983646,,0
470,62,way/75138969,103.9072694,1.3983646,way/476148411,103.9074061,1.3982609,,0
471,62,way/476148411,103.9074061,1.3982609,way/512918170,103.9081948,1.3976368,,0
472,62,way/512918170,103.9081948,1.3976368,way/476149333,103.9089754,1.3970058,,0
473,62,way/476149333,103.9089754,1.3970058,way/476149334,103.9095205,1.3965583,,0
474,62,way/476149334,103.9095205,1.3965583,Meridian Stn Exit B(65161),103.9098666,1.3963978,,0
475,62,Meridian Stn Exit B(65161),103.9098666,1.3963978,way/476149335,103.910068,1.3961133,,0
476,62,way/476149335,103.910068,1.3961133,way/649392802,103.9104588,1.3957934,,0
477,62,way/649392802,103.9104588,1.3957934,way/476149336,103.9108503,1.3954661,,0
478,62,way/476149336,103.9108503,1.3954661,way/534637114,103.9109988,1.3953432,,0
479,62,way/534637114,103.9109988,1.3953432,way/476149337,103.9111445,1.3952234,,0
480,62,way/476149337,103.9111445,1.3952234,way/383281865,103.9118815,1.3946052,,0
481,62,way/383281865,103.9118815,1.3946052,Coral Edge Stn Exit B(65171),103.9122461,1.3944344,,0
482,62,Coral Edge Stn Exit B(65171),103.9122461,1.3944344,way/476149339,103.9128216,1.3938293,,0
483,62,way/476149339,103.9128216,1.3938293,way/476149338,103.9133427,1.3934032,,0
484,62,way/476149338,103.9133427,1.3934032,way/476149340,103.91365,1.3931405,,0
485,62,way/476149340,103.91365,1.3931405,way/620514212,103.9138191,1.3929834,,0
486,62,way/620514212,103.9138191,1.3929834,way/620514213,103.9140314,1.3927975,,0
487,62,way/620514213,103.9140314,1.3927975,way/383281866,103.9143497,1.3925418,,0
488,62,way/383281866,103.9143497,1.3925418,way/173963243,103.9145916,1.3923483,,0
489,62,way/173963243,103.9145916,1.3923483,way/173963241,103.9146128,1.3922479,,0
490,62,way/173963241,103.9146128,1.3922479,way/74477397,103.9145056,1.3920794,,0
491,62,way/74477397,103.9145056,1.3920794,way/635640751,103.9142713,1.3917357,,0
492,62,way/635640751,103.9142713,1.3917357,Aft Punggol Field(65529),103.9142797,1.3914883,,0
493,62,Waterwoods(65521),1.39033,103.9129,way/620546647,103.9131792,1.3904935,,1
494,62,way/620546647,103.9131792,1.3904935,way/715617341,103.913342,1.3907061,,1
495,62,way/715617341,103.913342,1.3907061,way/620546636,103.9134751,1.3908855,,1
496,62,way/620546636,103.9134751,1.3908855,way/621114246,103.9135747,1.3910159,,1
497,62,way/621114246,103.9135747,1.3910159,way/32758741,103.9137249,1.3912042,,1
498,62,way/32758741,103.9137249,1.3912042,way/700184504,103.9139361,1.391488,,1
499,62,way/700184504,103.9139361,1.391488,way/475921344,103.9140847,1.3917026,,1
500,62,way/475921344,103.9140847,1.3917026,way/715617340,103.9142168,1.3919132,,1
501,62,way/715617340,103.9142168,1.3919132,way/218215413,103.9142915,1.3922537,,1
502,62,way/218215413,103.9142915,1.3922537,way/620514577,103.914284,1.3924337,,1
503,62,way/620514577,103.914284,1.3924337,way/620514576,103.9140113,1.392657,,1
504,62,way/620514576,103.9140113,1.392657,way/620514575,103.9134004,1.393147,,1
505,62,way/620514575,103.9134004,1.393147,Coral Edge Stn Exit A(65179),103.9118997,1.3942822,,1
506,62,Coral Edge Stn Exit A(65179),103.9118997,1.3942822,way/535773836,103.9113722,1.3948128,,1
507,62,way/535773836,103.9113722,1.3948128,way/620514877,103.9110801,1.3950557,,1
508,62,way/620514877,103.9110801,1.3950557,way/534637120,103.9108927,1.3952198,,1
509,62,way/534637120,103.9108927,1.3952198,way/635679590,103.9107346,1.3953428,,1
510,62,way/635679590,103.9107346,1.3953428,Meridian Stn Exit A(65169),103.910029,1.3958293,,1
511,62,Meridian Stn Exit A(65169),103.910029,1.3958293,way/534637123,103.90954,1.396298,,1
512,62,way/534637123,103.90954,1.396298,way/620519867,103.9081877,1.3973968,,1
513,62,way/620519867,103.9081877,1.3973968,way/649801185,103.9078244,1.3977026,,1
514,62,way/649801185,103.9078244,1.3977026,way/620519868,103.9075658,1.3979008,,1
515,62,way/620519868,103.9075658,1.3979008,way/620519866,103.9073006,1.3981067,,1
516,62,way/620519866,103.9073006,1.3981067,way/512918169,103.9071746,1.3982113,,1
517,62,way/512918169,103.9071746,1.3982113,way/175052982,103.9070222,1.3983536,,1
518,62,way/175052982,103.9070222,1.3983536,way/635682236,103.9066751,1.3986471,,1
519,62,way/635682236,103.9066751,1.3986471,Cove Stn Exit A( 65159),103.9061631,1.3990411,,1
520,62,Cove Stn Exit A( 65159),103.9061631,1.3990411,way/620522276,103.905969,1.3991975,,1
521,62,way/620522276,103.905969,1.3991975,way/620522277,103.9057933,1.3993302,,1
522,62,way/620522277,103.9057933,1.3993302,way/620522275,103.9055425,1.3995032,,1
523,62,way/620522275,103.9055425,1.3995032,way/445282967,103.9052397,1.3997121,,1
524,62,way/445282967,103.9052397,1.3997121,way/582412285,103.9047973,1.3999896,,1
525,62,way/582412285,103.9047973,1.3999896,way/651981596,103.9042272,1.400287,,1
526,62,way/651981596,103.9042272,1.400287,Aft Punggol Rd(65209),103.9038676,1.4003315,,1
527,62,Aft Punggol Rd(65209),103.9038676,1.4003315,way/174886179,103.9036593,1.4005865,,1
528,62,way/174886179,103.9036593,1.4005865,way/651981593,103.9033769,1.4007313,,1
529,62,way/651981593,103.9033769,1.4007313,way/651981590,103.9031062,1.4008667,,1
530,62,way/651981590,103.9031062,1.4008667,way/620524556,103.9027959,1.4010222,,1
531,62,way/620524556,103.9027959,1.4010222,way/620524555,103.9024615,1.4011846,,1
532,62,way/620524555,103.9024615,1.4011846,way/582412268,103.9021709,1.401325,,1
533,62,way/582412268,103.9021709,1.401325,way/174765791,103.9020041,1.4014046,,1
534,62,way/174765791,103.9020041,1.4014046,way/74953804,103.9019955,1.4014905,,1
535,62,way/74953804,103.9019955,1.4014905,way/582412271,103.9021137,1.4016896,,1
536,62,way/582412271,103.9021137,1.4016896,way/198458261,103.902587,1.4024658,,1
537,62,way/198458261,103.902587,1.4024658,way/173767827,103.9029803,1.4031145,,1
538,62,way/173767827,103.9029803,1.4031145,Punggol Temp Int(65009),103.9025242,1.404107,,1
539,82,Punggol Temp Int(65009),103.9025242,1.404107,way/325024332,103.9026466,1.4033011,,0
540,82,way/325024332,103.9026466,1.4033011,way/173768002,103.9030095,1.4030891,,0
541,82,way/173768002,103.9030095,1.4030891,way/173767825,103.9028338,1.4027251,,0
542,82,way/173767825,103.9028338,1.4027251,way/620524552,103.9025689,1.4022679,,0
543,82,way/620524552,103.9025689,1.4022679,way/620524553,103.9023885,1.4019699,,0
544,82,way/620524553,103.9023885,1.4019699,way/582412270,103.9021917,1.4016477,,0
545,82,way/582412270,103.9021917,1.4016477,way/582412269,103.9022328,1.4014473,,0
546,82,way/582412269,103.9022328,1.4014473,way/651945728,103.9027605,1.4011827,,0
547,82,way/651945728,103.9027605,1.4011827,way/174765789,103.9033078,1.4009198,,0
548,82,way/174765789,103.9033078,1.4009198,Opp Blk 201A(65201),103.9035672,1.4008806,,0
549,82,Opp Blk 201A(65201),103.9035672,1.4008806,way/651945727,103.9037815,1.4006966,,0
550,82,way/651945727,103.9037815,1.4006966,way/620522274,103.9042503,1.4004709,,0
551,82,way/620522274,103.9042503,1.4004709,way/649801637,103.9045313,1.4003359,,0
552,82,way/649801637,103.9045313,1.4003359,way/582412284,103.9048535,1.4001667,,0
553,82,way/582412284,103.9048535,1.4001667,way/74477400,103.905091,1.4000273,,0
554,82,way/74477400,103.905091,1.4000273,way/174886182,103.9051238,1.3999013,,0
555,82,way/174886182,103.9051238,1.3999013,way/445282972,103.9050308,1.3996857,,0
556,82,way/445282972,103.9050308,1.3996857,Blk 102C( 65079),103.9047796,1.3988936,,0
557,82,Opp Blk 103A(65071),103.9041539,1.3984929,way/620522273,103.9045689,1.3990071,,1
558,82,way/620522273,103.9045689,1.3990071,way/620522272,103.904659,1.3992284,,1
559,82,way/620522272,103.904659,1.3992284,way/717055145,103.9047441,1.3994461,,1
560,82,way/717055145,103.9047441,1.3994461,way/620522271,103.9048002,1.3995832,,1
561,82,way/620522271,103.9048002,1.3995832,way/582412281,103.9048816,1.399756,,1
562,82,way/582412281,103.9048816,1.399756,way/582412285,103.9047973,1.3999896,,1
563,82,way/582412285,103.9047973,1.3999896,way/651981596,103.9042272,1.400287,,1
564,82,way/651981596,103.9042272,1.400287,Aft Punggol Rd(65209),103.9038676,1.4003315,,1
565,82,Aft Punggol Rd(65209),103.9038676,1.4003315,way/174886179,103.9036593,1.4005865,,1
566,82,way/174886179,103.9036593,1.4005865,way/651981593,103.9033769,1.4007313,,1
567,82,way/651981593,103.9033769,1.4007313,way/651981590,103.9031062,1.4008667,,1
568,82,way/651981590,103.9031062,1.4008667,way/620524556,103.9027959,1.4010222,,1
569,82,way/620524556,103.9027959,1.4010222,way/620524555,103.9024615,1.4011846,,1
570,82,way/620524555,103.9024615,1.4011846,way/582412268,103.9021709,1.401325,,1
571,82,way/582412268,103.9021709,1.401325,way/174765791,103.9020041,1.4014046,,1
572,82,way/174765791,103.9020041,1.4014046,way/74953804,103.9019955,1.4014905,,1
573,82,way/74953804,103.9019955,1.4014905,way/582412271,103.9021137,1.4016896,,1
574,82,way/582412271,103.9021137,1.4016896,way/198458261,103.902587,1.4024658,,1
575,82,way/198458261,103.902587,1.4024658,way/325024332,103.9026466,1.4033011,,1
576,82,way/325024332,103.9026466,1.4033011,Punggol Temp Int(65009),103.9025242,1.404107,,1
577,83,Punggol Temp Int(65009),103.9025242,1.404107,way/325024332,103.9026466,1.4033011,,0
578,83,way/325024332,103.9026466,1.4033011,way/173767827,103.9029803,1.4031145,,0
579,83,way/173767827,103.9029803,1.4031145,way/724076802,103.9031708,1.4034225,,0
580,83,way/724076802,103.9031708,1.4034225,way/476395133,103.9034199,1.4038215,,0
581,83,way/476395133,103.9034199,1.4038215,way/708819911,103.9035459,1.4040253,,0
582,83,way/708819911,103.9035459,1.4040253,way/445282971,103.903687,1.404257,,0
583,83,way/445282971,103.903687,1.404257,way/74953813,103.9037954,1.4044306,,0
584,83,way/74953813,103.9037954,1.4044306,way/74962089,103.9038671,1.4044623,,0
585,83,way/74962089,103.9038671,1.4044623,way/445282963,103.9040093,1.4043935,,0
586,83,way/445282963,103.9040093,1.4043935,way/74962070,103.9045282,1.4041069,,0
587,83,way/74962070,103.9045282,1.4041069,Blk 303D(65221),103.9048174,1.4040774,,0
588,83,Blk 303D(65221),103.9048174,1.4040774,way/476389391,103.9050768,1.4037792,,0
589,83,way/476389391,103.9050768,1.4037792,way/476389390,103.9053743,1.4035741,,0
590,83,way/476389390,103.9053743,1.4035741,way/476389868,103.9057294,1.4033408,,0
591,83,way/476389868,103.9057294,1.4033408,way/476389869,103.9060854,1.4030945,,0
592,83,way/476389869,103.9060854,1.4030945,way/74962084,103.9063092,1.4029304,,0
593,83,way/74962084,103.9063092,1.4029304,way/582412256,103.9064782,1.4028262,,0
594,83,way/582412256,103.9064782,1.4028262,way/74662288,103.9068734,1.4025603,,0
595,83,way/74662288,103.9068734,1.4025603,way/655184948,103.9074646,1.4021456,,0
596,83,way/655184948,103.9074646,1.4021456,way/655184948,103.907859,1.401923,,0
597,83,way/655184948,103.907859,1.401923,Punggol Sec/Blk 601B(65281),103.9106464,1.3999807,,0
598,83,Punggol Sec/Blk 601B(65281),103.9106464,1.3999807,way/476147270,103.9080694,1.4017069,,0
599,83,way/476147270,103.9080694,1.4017069,way/708916869,103.9084669,1.401409,,0
600,83,way/708916869,103.9084669,1.401409,way/476147271,103.9086999,1.4012464,,0
601,83,way/476147271,103.9086999,1.4012464,way/325024331,103.9089333,1.4010886,,0
602,83,way/325024331,103.9089333,1.4010886,way/534638193,103.9090843,1.4009831,,0
603,83,way/534638193,103.9090843,1.4009831,way/75138967,103.9092551,1.4008644,,0
604,83,way/75138967,103.9092551,1.4008644,way/635714418,103.9096081,1.4006113,,0
605,83,way/635714418,103.9096081,1.4006113,way/536982024,103.9102055,1.4001758,,0
606,83,way/536982024,103.9102055,1.4001758,Opp Blk 188(65271),103.9106464,1.3999807,,0
607,83,Opp Blk 188(65271),103.9106464,1.3999807,way/476147262,103.91078,1.3997594,,0
608,83,way/476147262,103.91078,1.3997594,way/476147261,103.9112073,1.399454,,0
609,83,way/476147261,103.9112073,1.399454,way/655190964,103.9117637,1.3990467,,0
610,83,way/655190964,103.9117637,1.3990467,way/620264529,103.9122546,1.3986909,,0
611,83,way/620264529,103.9122546,1.3986909,way/620264528,103.9126742,1.3984024,,0
612,83,way/620264528,103.9126742,1.3984024,way/534638684,103.9129837,1.398185,,0
613,83,way/534638684,103.9129837,1.398185,way/635641069,103.9131517,1.398063,,0
614,83,way/635641069,103.9131517,1.398063,Blk 649(65261),103.9146038,1.3971462,,0
615,83,Blk 649(65261),103.9146038,1.3971462,way/620263126,103.9160256,1.395998,,0
616,83,way/620263126,103.9160256,1.395998,way/696697257,103.9163243,1.3957866,,0
617,83,way/696697257,103.9163243,1.3957866,way/620263125,103.9166003,1.3955908,,0
618,83,way/620263125,103.9166003,1.3955908,way/534636066,103.9167929,1.3954485,,0
619,83,way/534636066,103.9167929,1.3954485,way/74477406,103.9168305,1.3953302,,0
620,83,way/74477406,103.9168305,1.3953302,way/630420434,103.9167293,1.395188,,0
621,83,way/630420434,103.9167293,1.395188,way/476145611,103.9164905,1.394865,,0
622,83,way/476145611,103.9164905,1.394865,Riviera Stn Exit A(65239),103.916123,1.3942075,,0
623,83,Riviera Stn Exit A(65239),103.916123,1.3942075,way/655172009,103.9158136,1.3939314,,0
624,83,way/655172009,103.9158136,1.3939314,way/475941379,103.9152764,1.3931841,,0
625,83,way/475941379,103.9152764,1.3931841,way/620514218,103.9151316,1.3929868,,0
626,83,way/620514218,103.9151316,1.3929868,way/620514217,103.9149772,1.3927764,,0
627,83,way/620514217,103.9149772,1.3927764,way/620514219,103.9148852,1.3926442,,0
628,83,way/620514219,103.9148852,1.3926442,way/620514216,103.9147466,1.3924406,,0
629,83,way/620514216,103.9147466,1.3924406,way/173963241,103.9146128,1.3922479,,0
630,83,way/173963241,103.9146128,1.3922479,way/35092009,103.9145156,1.3922418,,0
631,83,way/35092009,103.9145156,1.3922418,way/620514577,103.914284,1.3924337,,0
632,83,way/620514577,103.914284,1.3924337,way/620514576,103.9140113,1.392657,,0
633,83,way/620514576,103.9140113,1.392657,way/173963244,103.9136841,1.3929187,,0
634,83,way/173963244,103.9136841,1.3929187,way/620514575,103.9134004,1.393147,,0
635,83,way/620514575,103.9134004,1.393147,way/620514878,103.9124308,1.3939458,,0
636,83,way/620514878,103.9124308,1.3939458,Coral Edge Stn Exit A(65179),103.9118997,1.3942822,,0
637,83,Coral Edge Stn Exit A(65179),103.9118997,1.3942822,way/535773836,103.9113722,1.3948128,,0
638,83,way/535773836,103.9113722,1.3948128,way/620514877,103.9110801,1.3950557,,0
639,83,way/620514877,103.9110801,1.3950557,way/534637120,103.9108927,1.3952198,,0
640,83,way/534637120,103.9108927,1.3952198,Meridian Stn Exit A(65169),103.910029,1.3958293,,0
641,83,Meridian Stn Exit A(65169),103.910029,1.3958293,way/534637123,103.90954,1.396298,,0
642,83,way/534637123,103.90954,1.396298,way/620519867,103.9081877,1.3973968,,0
643,83,way/620519867,103.9081877,1.3973968,way/649801185,103.9078244,1.3977026,,0
644,83,way/649801185,103.9078244,1.3977026,way/620519868,103.9075658,1.3979008,,0
645,83,way/620519868,103.9075658,1.3979008,way/620519866,103.9073006,1.3981067,,0
646,83,way/620519866,103.9073006,1.3981067,way/512918169,103.9071746,1.3982113,,0
647,83,way/512918169,103.9071746,1.3982113,way/175052982,103.9070222,1.3983536,,0
648,83,way/175052982,103.9070222,1.3983536,Cove Stn Exit A( 65159),103.9061631,1.3990411,,0
649,83,Cove Stn Exit A( 65159),103.9061631,1.3990411,way/620522276,103.905969,1.3991975,,0
650,83,way/620522276,103.905969,1.3991975,way/620522277,103.9057933,1.3993302,,0
651,83,way/620522277,103.9057933,1.3993302,way/620522275,103.9055425,1.3995032,,0
652,83,way/620522275,103.9055425,1.3995032,way/445282967,103.9052397,1.3997121,,0
653,83,way/445282967,103.9052397,1.3997121,way/445282972,103.9050308,1.3996857,,0
654,83,way/445282972,103.9050308,1.3996857,Blk 102C( 65079),103.9047796,1.3988936,,0
655,83,Opp Blk 103A(65071),103.9041539,1.3984929,way/620522273,103.9045689,1.3990071,,1
656,83,way/620522273,103.9045689,1.3990071,way/620522272,103.904659,1.3992284,,1
657,83,way/620522272,103.904659,1.3992284,way/717055145,103.9047441,1.3994461,,1
658,83,way/717055145,103.9047441,1.3994461,way/620522271,103.9048002,1.3995832,,1
659,83,way/620522271,103.9048002,1.3995832,way/582412281,103.9048816,1.399756,,1
660,83,way/582412281,103.9048816,1.399756,way/174886184,103.9049897,1.3999899,,1
661,83,way/174886184,103.9049897,1.3999899,way/74477400,103.905091,1.4000273,,1
662,83,way/74477400,103.905091,1.4000273,way/582412282,103.9052805,1.3999071,,1
663,83,way/582412282,103.9052805,1.3999071,way/174886180,103.9055732,1.3997351,,1
664,83,way/174886180,103.9055732,1.3997351,way/476148405,103.9058406,1.3995743,,1
665,83,way/476148405,103.9058406,1.3995743,way/708890745,103.9060204,1.3994459,,1
666,83,way/708890745,103.9060204,1.3994459,Cove Stn Exit B(65151),103.9065501,1.3991335,,1
667,83,Cove Stn Exit B(65151),103.9065501,1.3991335,way/476148407,103.9068392,1.3987445,,1
668,83,way/476148407,103.9068392,1.3987445,way/476148409,103.9069952,1.3986145,,1
669,83,way/476148409,103.9069952,1.3986145,way/476148408,103.9071495,1.3984793,,1
670,83,way/476148408,103.9071495,1.3984793,way/75138969,103.9072694,1.3983646,,1
671,83,way/75138969,103.9072694,1.3983646,way/476148411,103.9074061,1.3982609,,1
672,83,way/476148411,103.9074061,1.3982609,way/512918170,103.9081948,1.3976368,,1
673,83,way/512918170,103.9081948,1.3976368,way/476149333,103.9089754,1.3970058,,1
674,83,way/476149333,103.9089754,1.3970058,way/476149334,103.9095205,1.3965583,,1
675,83,way/476149334,103.9095205,1.3965583,Meridian Stn Exit B(65161),103.9098666,1.3963978,,1
676,83,Meridian Stn Exit B(65161),103.9098666,1.3963978,way/476149335,103.910068,1.3961133,,1
677,83,way/476149335,103.910068,1.3961133,way/649392802,103.9104588,1.3957934,,1
678,83,way/649392802,103.9104588,1.3957934,way/476149336,103.9108503,1.3954661,,1
679,83,way/476149336,103.9108503,1.3954661,way/534637114,103.9109988,1.3953432,,1
680,83,way/534637114,103.9109988,1.3953432,way/476149337,103.9111445,1.3952234,,1
681,83,way/476149337,103.9111445,1.3952234,way/383281865,103.9118815,1.3946052,,1
682,83,way/383281865,103.9118815,1.3946052,Coral Edge Stn Exit B(65171),103.9122461,1.3944344,,1
683,83,Coral Edge Stn Exit B(65171),103.9122461,1.3944344,way/476149339,103.9128216,1.3938293,,1
684,83,way/476149339,103.9128216,1.3938293,way/476149338,103.9133427,1.3934032,,1
685,83,way/476149338,103.9133427,1.3934032,way/476149340,103.91365,1.3931405,,1
686,83,way/476149340,103.91365,1.3931405,way/620514212,103.9138191,1.3929834,,1
687,83,way/620514212,103.9138191,1.3929834,way/620514213,103.9140314,1.3927975,,1
688,83,way/620514213,103.9140314,1.3927975,way/218215407,103.9144564,1.3926504,,1
689,83,way/218215407,103.9144564,1.3926504,way/74477408,103.9153411,1.3935515,,1
690,83,way/74477408,103.9153411,1.3935515,Riviera Stn Exit B(65231),103.915795,1.39429,,1
691,83,Riviera Stn Exit B(65231),103.915795,1.39429,way/651978152,103.916034,1.3945559,,1
692,83,way/651978152,103.916034,1.3945559,way/651978151,103.916195,1.3947881,,1
693,83,way/651978151,103.916195,1.3947881,way/476165178,103.9163595,1.3950202,,1
694,83,way/476165178,103.9163595,1.3950202,way/383281863,103.9164937,1.3952065,,1
695,83,way/383281863,103.9164937,1.3952065,way/630420435,103.9165789,1.3953181,,1
696,83,way/630420435,103.9165789,1.3953181,way/383281857,103.9165258,1.3954637,,1
697,83,way/383281857,103.9165258,1.3954637,way/652543423,103.9161396,1.3957488,,1
698,83,way/652543423,103.9161396,1.3957488,Blk 162B(65269),103.9149239,1.3964771,,1
699,83,Blk 162B(65269),103.9149239,1.3964771,way/173963235,103.9147514,1.3967436,,1
700,83,way/173963235,103.9147514,1.3967436,way/652543422,103.9135807,1.3975747,,1
701,83,way/652543422,103.9135807,1.3975747,way/476147257,103.9133572,1.3977306,,1
702,83,way/476147257,103.9133572,1.3977306,way/476147258,103.9130674,1.3979363,,1
703,83,way/476147258,103.9130674,1.3979363,way/534638687,103.9128912,1.3980616,,1
704,83,way/534638687,103.9128912,1.3980616,way/383281858,103.9127283,1.3981735,,1
705,83,way/383281858,103.9127283,1.3981735,way/635650898,103.9118284,1.3988199,,1
706,83,way/635650898,103.9118284,1.3988199,Bet Blks 187/188(65279),103.9109875 (,1.3993093,,1
707,83,Bet Blks 187/188(65279),103.9109875 (,1.3993093,way/476147260,103.9108068,1.3995509,,1
708,83,way/476147260,103.9108068,1.3995509,way/476147259,103.9104045,1.3998445,,1
709,83,way/476147259,103.9104045,1.3998445,way/476147263,103.9100284,1.4001315,,1
710,83,way/476147263,103.9100284,1.4001315,way/476147265,103.9097563,1.4003306,,1
711,83,way/476147265,103.9097563,1.4003306,way/649376877,103.9094879,1.4005149,,1
712,83,way/649376877,103.9094879,1.4005149,way/476147266,103.9091688,1.4007446,,1
713,83,way/476147266,103.9091688,1.4007446,way/325024330,103.9090054,1.4008666,,1
714,83,way/325024330,103.9090054,1.4008666,way/75138966,103.9088496,1.4009776,,1
715,83,way/75138966,103.9088496,1.4009776,way/512918167,103.9084788,1.4012476,,1
716,83,way/512918167,103.9084788,1.4012476,way/476147269,103.9079509,1.4016329,,1
717,83,way/476147269,103.9079509,1.4016329,Opp Punggol Sec/Blk 195E(65289),103.907635,1.401732,,1
718,83,Opp Punggol Sec/Blk 195E(65289),103.907635,1.401732,way/476147268,103.9074903,1.4019613,,1
719,83,way/476147268,103.9074903,1.4019613,way/476147272,103.9071374,1.4022023,,1
720,83,way/476147272,103.9071374,1.4022023,way/476147274,103.9068376,1.402409,,1
721,83,way/476147274,103.9068376,1.402409,way/476147273,103.9065073,1.4026478,,1
722,83,way/476147273,103.9065073,1.4026478,way/74962086,103.9062669,1.4028164,,1
723,83,way/74962086,103.9062669,1.4028164,way/582412253,103.9060832,1.4029351,,1
724,83,way/582412253,103.9060832,1.4029351,Blk 298(65229),103.9055521,1.4032091,,1
725,83,Blk 298(65229),103.9055521,1.4032091,way/476389393,103.9049679,1.4036357,,1
726,83,way/476389393,103.9049679,1.4036357,way/476389392,103.9046897,1.4038113,,1
727,83,way/476389392,103.9046897,1.4038113,way/620275278,103.9043156,1.4040446,,1
728,83,way/620275278,103.9043156,1.4040446,way/445282964,103.9039709,1.4042547,,1
729,83,way/445282964,103.9039709,1.4042547,way/173767826,103.9037589,1.4042144,,1
730,83,way/173767826,103.9037589,1.4042144,way/445282968,103.9035946,1.4039482,,1
731,83,way/445282968,103.9035946,1.4039482,way/652306771,103.9032771,1.403441,,1
732,83,way/652306771,103.9032771,1.403441,way/724076800,103.9030445,1.4030729,,1
733,83,way/724076800,103.9030445,1.4030729,way/173768002,103.9030095,1.4030891,,1
734,83,way/173768002,103.9030095,1.4030891,way/325024332,103.9026466,1.4033011,,1
735,83,way/325024332,103.9026466,1.4033011,Punggol Temp Int(65009),103.9025242,1.404107,,1
736,84,Punggol Temp Int(65009),103.9025242,1.404107,way/325024332,103.9026466,1.4033011,,-1
737,84,way/325024332,103.9026466,1.4033011,way/173767827,103.9029803,1.4031145,,-1
738,84,way/173767827,103.9029803,1.4031145,way/724076802,103.9031708,1.4034225,,-1
739,84,way/724076802,103.9031708,1.4034225,way/476395133,103.9034199,1.4038215,,-1
740,84,way/476395133,103.9034199,1.4038215,way/708819911,103.9035459,1.4040253,,-1
741,84,way/708819911,103.9035459,1.4040253,way/445282971,103.903687,1.404257,,-1
742,84,way/445282971,103.903687,1.404257,way/74953813,103.9037954,1.4044306,,-1
743,84,way/74953813,103.9037954,1.4044306,way/74962089,103.9038671,1.4044623,,-1
744,84,way/74962089,103.9038671,1.4044623,way/445282963,103.9040093,1.4043935,,-1
745,84,way/445282963,103.9040093,1.4043935,way/74962070,103.9045282,1.4041069,,-1
746,84,way/74962070,103.9045282,1.4041069,Blk 303D(65221),103.9048174,1.4040774,,-1
747,84,Blk 303D(65221),103.9048174,1.4040774,way/476389391,103.9050768,1.4037792,,-1
748,84,way/476389391,103.9050768,1.4037792,way/476389390,103.9053743,1.4035741,,-1
749,84,way/476389390,103.9053743,1.4035741,way/476389868,103.9055932,1.4034265,,-1
750,84,way/476389868,103.9055932,1.4034265,way/780127637,103.9057832,1.403307,,-1
751,84,way/780127637,103.9057832,1.403307,way/476389869,103.9060854,1.4030945,,-1
752,84,way/476389869,103.9060854,1.4030945,way/582412258,103.9063295,1.4031766,,-1
753,84,way/582412258,103.9063295,1.4031766,way/166527474,103.9065385,1.4036537,,-1
754,84,way/166527474,103.9065385,1.4036537,Blk 301A(65091),103.9065771,1.4040152,,-1
755,84,Blk 301A(65091),103.9065771,1.4040152,way/476393001,103.9067656,1.4041376,,-1
756,84,way/476393001,103.9067656,1.4041376,way/476393002,103.9069684,1.4045755,,-1
757,84,way/476393002,103.9069684,1.4045755,way/476393006,103.9071328,1.404913,,-1
758,84,way/476393006,103.9071328,1.404913,way/649440497,103.907257,1.4051535,,-1
759,84,way/649440497,103.907257,1.4051535,way/476158179,103.9074024,1.4054328,,-1
760,84,way/476158179,103.9074024,1.4054328,way/630420275,103.907371,1.4060246,,-1
761,84,way/630420275,103.907371,1.4060246,way/476396168,103.906692,1.4064645,,-1
762,84,way/476396168,103.906692,1.4064645,way/620219321,103.9059022,1.4069423,,-1
763,84,way/620219321,103.9059022,1.4069423,way/500372423,103.905355,1.4072998,,-1
764,84,way/500372423,103.905355,1.4072998,way/445716773,103.9054432,1.407509,,-1
765,84,way/445716773,103.9054432,1.407509,Aft Punggol Dr(65489),103.9056935,1.4081396,,-1
766,84,Aft Punggol Dr(65489),103.9056935,1.4081396,way/166523290,103.9059341,1.4087071,,-1
767,84,way/166523290,103.9059341,1.4087071,way/720099566,103.9050813,1.4100762,,-1
768,84,way/720099566,103.9050813,1.4100762,way/166523291,103.9032213,1.4105852,,-1
769,84,way/166523291,103.9032213,1.4105852,way/166523292,103.9026127,1.409934,,-1
770,84,way/166523292,103.9026127,1.409934,way/476158177,103.9023574,1.4093949,,-1
771,84,way/476158177,103.9023574,1.4093949,way/534633473,103.9022558,1.4091713,,-1
772,84,way/534633473,103.9022558,1.4091713,way/101125017,103.9021916,1.4091479,,-1
773,84,way/101125017,103.9021916,1.4091479,way/582412242,103.9020349,1.409249,,-1
774,84,way/582412242,103.9020349,1.409249,Blk 310B(65469),103.9011984,1.4097733,,-1
775,84,Blk 310B(65469),103.9011984,1.4097733,way/620224679,103.9003028,1.4103394,,-1
776,84,way/620224679,103.9003028,1.4103394,way/582303281,103.8999793,1.4105435,,-1
777,84,way/582303281,103.8999793,1.4105435,way/534630352,103.8997429,1.4106791,,-1
778,84,way/534630352,103.8997429,1.4106791,way/534630359,103.8996763,1.4107696,,-1
779,84,way/534630359,103.8996763,1.4107696,way/582303297,103.8997826,1.4109653,,-1
780,84,way/582303297,103.8997826,1.4109653,Nibong Stn Exit A(65619),103.89998,1.41148,,-1
781,84,Nibong Stn Exit A(65619),103.89998,1.41148,way/620236891,103.9003382,1.4119826,,-1
782,84,way/620236891,103.9003382,1.4119826,way/582303300,103.9006243,1.4125294,,-1
783,84,way/582303300,103.9006243,1.4125294,way/465518991,103.9007991,1.4128816,,-1
784,84,way/465518991,103.9007991,1.4128816,way/534629589,103.9010229,1.4136174,,-1
785,84,way/534629589,103.9010229,1.4136174,way/620238003,103.9012458,1.4143699,,-1
786,84,way/620238003,103.9012458,1.4143699,way/718284956,103.9013089,1.4145672,,-1
787,84,way/718284956,103.9013089,1.4145672,way/620238002,103.9014486,1.4149777,,-1
788,84,way/620238002,103.9014486,1.4149777,Samudera Stn Exit A(65629),103.90221,1.41612,,-1
789,84,Samudera Stn Exit A(65629),103.90221,1.41612,way/163790537,103.9046752,1.4175392,,-1
790,84,way/163790537,103.9046752,1.4175392,Bef Punggol Pt Stn(65639),103.90559,1.41746,,-1
791,84,Bef Punggol Pt Stn(65639),103.90559,1.41746,way/476138599,103.907877,1.4166549,,-1
792,84,way/476138599,103.907877,1.4166549,way/546138268,103.9096031,1.4163313,,-1
793,84,way/546138268,103.9096031,1.4163313,Opp Track 22(65121),103.9098961,1.4185387,,-1
794,84,Opp Track 22(65121),103.9098961,1.4185387,way/715630948,103.9100145,1.4190751,,-1
795,84,way/715630948,103.9100145,1.4190751,way/680824451,103.9100786,1.4192908,,-1
796,84,way/680824451,103.9100786,1.4192908,way/646655709,103.9101745,1.4195965,,-1
797,84,way/646655709,103.9101745,1.4195965,way/646655698,103.9103094,1.4200367,,-1
798,84,way/646655698,103.9103094,1.4200367,Punggol Rd End(65139),103.9104942,1.4211193,,-1
799,84,Punggol Rd End(65139),103.9104942,1.4211193,way/646655698,103.9103094,1.4200367,,-1
800,84,way/646655698,103.9103094,1.4200367,way/646655709,103.9101745,1.4195965,,-1
801,84,way/646655709,103.9101745,1.4195965,way/680824451,103.9100786,1.4192908,,-1
802,84,way/680824451,103.9100786,1.4192908,way/715630948,103.9100145,1.4190751,,-1
803,84,way/715630948,103.9100145,1.4190751,Aft Track 22(65129),103.9098961,1.4185387,,-1
804,84,Aft Track 22(65129),103.9098961,1.4185387,way/546138268,103.9096031,1.4163313,,-1
805,84,way/546138268,103.9096031,1.4163313,way/476138599,103.907877,1.4166549,,-1
806,84,way/476138599,103.907877,1.4166549,Aft Punggol Pt Stn(65631),103.90552,1.4172,,-1
807,84,Aft Punggol Pt Stn(65631),103.90552,1.4172,way/620243236,103.9050616,1.4173944,,-1
808,84,way/620243236,103.9050616,1.4173944,way/476138601,103.9047475,1.4173977,,-1
809,84,way/476138601,103.9047475,1.4173977,way/535773824,103.9044415,1.4173359,,-1
810,84,way/535773824,103.9044415,1.4173359,way/539309563,103.9042423,1.4172761,,-1
811,84,way/539309563,103.9042423,1.4172761,way/582303329,103.9040596,1.4171915,,-1
812,84,way/582303329,103.9040596,1.4171915,Samudera Stn Exit B(65621),103.90243,1.41592,,-1
813,84,Samudera Stn Exit B(65621),103.90243,1.41592,way/476138603,103.9010562,1.4132074,,-1
814,84,way/476138603,103.9010562,1.4132074,way/32760126,103.9009383,1.4128345,,-1
815,84,way/32760126,103.9009383,1.4128345,way/476138604,103.9005705,1.4120834,,-1
816,84,way/476138604,103.9005705,1.4120834,Nibong Stn Exit B(65611),103.90036,1.41134,,-1
817,84,Nibong Stn Exit B(65611),103.90036,1.41134,way/465523920,103.9001194,1.4107994,,-1
818,84,way/465523920,103.9001194,1.4107994,way/534630355,103.9009161,1.4100871,,-1
819,84,way/534630355,103.9009161,1.4100871,Blk 312 CP(65461),103.90135,1.40988,,-1
820,84,Blk 312 CP(65461),103.90135,1.40988,way/476138609,103.901764,1.4095556,,-1
821,84,way/476138609,103.901764,1.4095556,way/218215371,103.9021156,1.409527,,-1
822,84,way/218215371,103.9021156,1.409527,way/720099570,103.9023753,1.4096869,,-1
823,84,way/720099570,103.9023753,1.4096869,way/720099569,103.9024756,1.4099225,,-1
824,84,way/720099569,103.9024756,1.4099225,way/218215304,103.9026321,1.4102279,,-1
825,84,way/218215304,103.9026321,1.4102279,way/720099568,103.903938,1.4106904,,-1
826,84,way/720099568,103.903938,1.4106904,way/720099567,103.9042427,1.4105744,,-1
827,84,way/720099567,103.9042427,1.4105744,way/720099566,103.9050813,1.4100762,,-1
828,84,way/720099566,103.9050813,1.4100762,way/720099565,103.905905,1.4094891,,-1
829,84,way/720099565,103.905905,1.4094891,way/720099564,103.9059748,1.4093476,,-1
830,84,way/720099564,103.9059748,1.4093476,Bef Punggol Dr(65481),103.90887,1.40763,,-1
831,84,Bef Punggol Dr(65481),103.90887,1.40763,way/476139395,103.9057141,1.407862,,-1
832,84,way/476139395,103.9057141,1.407862,way/218215387,103.9057298,1.4073974,,-1
833,84,way/218215387,103.9057298,1.4073974,way/197540847,103.9064268,1.4068125,,-1
834,84,way/197540847,103.9064268,1.4068125,way/476139920,103.9071824,1.4063593,,-1
835,84,way/476139920,103.9071824,1.4063593,way/476139922,103.9073972,1.406214,,-1
836,84,way/476139922,103.9073972,1.406214,way/630420271,103.9075782,1.4060872,,-1
837,84,way/630420271,103.9075782,1.4060872,way/500372303,103.907765,1.4059554,,-1
838,84,way/500372303,103.907765,1.4059554,way/35091539,103.9077724,1.4058461,,-1
839,84,way/35091539,103.9077724,1.4058461,way/582412250,103.9076448,1.4056145,,-1
840,84,way/582412250,103.9076448,1.4056145,way/476165173,103.9072599,1.4048565,,-1
841,84,way/476165173,103.9072599,1.4048565,Blk 604A(65099),103.9071851,1.404533,,-1
842,84,Blk 604A(65099),103.9071851,1.404533,way/476393004,103.9068709,1.4040526,,-1
843,84,way/476393004,103.9068709,1.4040526,way/476393003,103.9067239,1.4037235,,-1
844,84,way/476393003,103.9067239,1.4037235,way/649439226,103.9065849,1.403412,,-1
845,84,way/649439226,103.9065849,1.403412,way/582412257,103.9064348,1.4030605,,-1
846,84,way/582412257,103.9064348,1.4030605,way/74662287,103.9063456,1.4028375,,-1
847,84,way/74662287,103.9063456,1.4028375,way/74962086,103.9062669,1.4028164,,-1
848,84,way/74962086,103.9062669,1.4028164,Blk 298(65229),103.9055521,1.4032091,,-1
849,84,Blk 298(65229),103.9055521,1.4032091,way/476389393,103.9049679,1.4036357,,-1
850,84,way/476389393,103.9049679,1.4036357,way/476389392,103.9046897,1.4038113,,-1
851,84,way/476389392,103.9046897,1.4038113,way/620275278,103.9043156,1.4040446,,-1
852,84,way/620275278,103.9043156,1.4040446,way/445283019,103.9038944,1.4041362,,-1
853,84,way/445283019,103.9038944,1.4041362,way/445282968,103.9035946,1.4039482,,-1
854,84,way/445282968,103.9035946,1.4039482,way/652306771,103.9032771,1.403441,,-1
855,84,way/652306771,103.9032771,1.403441,way/724076800,103.9030445,1.4030729,,-1
856,84,way/724076800,103.9030445,1.4030729,way/173767827,103.9029803,1.4031145,,-1
857,84,way/173767827,103.9029803,1.4031145,Punggol Temp Int(65009),103.9025242,1.404107,,-1