fromNode,fromNode_lat,fromNode_long,toNode,toNode_lat,toNode_long,weight,overhead
289A,1.4015669,103.9027319,289B,1.4012905,103.9032363,63.91393085412865,
289A,1.4015669,103.9027319,289C,1.4016541,103.9034807,83.88724537556604,
289A,1.4015669,103.9027319,298D,1.4020506000000001,103.9036292,113.27900552871095,
289A,1.4015669,103.9027319,288A,1.4023171,103.90315759999999,95.52804654862952,
289A,1.4015669,103.9027319,273A,1.4022774,103.9021262,103.51721715440041,
289A,1.4015669,103.9027319,273B,1.4020322,103.9017853,117.23673517174518,
289A,1.4015669,103.9027319,after punggol field (bus stop),1.4024963,103.9024931,106.14883133790026,
289B,1.4012905,103.9032363,289A,1.4015669,103.9027319,63.91393085412865,
289B,1.4012905,103.9032363,289C,1.4016541,103.9034807,48.54069257387113,
289B,1.4012905,103.9032363,after punggol field (bus stop),1.4024963,103.9024931,156.9007549922264,
289B,1.4012905,103.9032363,opposite blk 201a (bus stop),1.4008806,103.9035672,58.398481050298315,
289B,1.4012905,103.9032363,288A,1.4023171,103.90315759999999,113.85359934039988,
289C,1.4016541,103.9034807,289A,1.4015669,103.9027319,83.88724537556604,
289C,1.4016541,103.9034807,289B,1.4012905,103.9032363,48.54069257387113,
289C,1.4016541,103.9034807,opposite blk 201a (bus stop),1.4008806,103.9035672,86.0697246023895,
289C,1.4016541,103.9034807,273B,1.4020322,103.9017853,193.25159793541553,
289C,1.4016541,103.9034807,273A,1.4022774,103.9021262,165.74656085936692,
289C,1.4016541,103.9034807,after punggol field (bus stop),1.4024963,103.9024931,144.05525383524997,
289C,1.4016541,103.9034807,274B,1.4031223999999998,103.9024316,199.97635432544217,
289C,1.4016541,103.9034807,288A,1.4023171,103.90315759999999,81.65420591233462,
289C,1.4016541,103.9034807,289D,1.4020506000000001,103.9036292,46.854190205586555,
289C,1.4016541,103.9034807,295,1.4020046999999998,103.9048642,158.7704723432011,
289D,1.4020506000000001,103.9036292,289C,1.4016541,103.9034807,46.854190205586555,
289D,1.4020506000000001,103.9036292,273B,1.4020322,103.9017853,205.21105488686757,
289D,1.4020506000000001,103.9036292,273A,1.4022774,103.9021262,169.13302816933214,
289D,1.4020506000000001,103.9036292,288A,1.4023171,103.90315759999999,60.189744641843326,
289D,1.4020506000000001,103.9036292,289A,1.4015669,103.9027319,113.27900552871095,
289D,1.4020506000000001,103.9036292,288B,1.4027295,103.9032946,83.79710526047134,
289D,1.4020506000000001,103.9036292,288C,1.4025151000000002,103.9036849,51.734751206958215,
289D,1.4020506000000001,103.9036292,294,1.4026872,103.90467690000001,136.1960574260765,
289D,1.4020506000000001,103.9036292,295,1.4020046999999998,103.9048642,137.53236958685125,
288A,1.4023171,103.90315759999999,289D,1.4020506000000001,103.9036292,60.189744641843326,
288A,1.4023171,103.90315759999999,289C,1.4016541,103.9034807,81.65420591233462,
288A,1.4023171,103.90315759999999,289B,1.4012905,103.9032363,113.85359934039988,
288A,1.4023171,103.90315759999999,289A,1.4015669,103.9027319,95.52804654862952,
288A,1.4023171,103.90315759999999,273B,1.4020322,103.9017853,155.93365768302658,
288A,1.4023171,103.90315759999999,273A,1.4022774,103.9021262,114.86468132256162,
288A,1.4023171,103.90315759999999,after punggol field (bus stop),1.4024963,103.9024931,76.55852148746548,
288A,1.4023171,103.90315759999999,274B,1.4031223999999998,103.9024316,120.23661413997702,
288A,1.4023171,103.90315759999999,288B,1.4027295,103.9032946,48.082308857606215,
288A,1.4023171,103.90315759999999,288C,1.4025151000000002,103.9036849,62.63254275171169,
288B,1.4027295,103.9032946,288C,1.4025151000000002,103.9036849,49.48372955397452,
288B,1.4027295,103.9032946,289D,1.4020506000000001,103.9036292,83.79710526047134,
288B,1.4027295,103.9032946,288A,1.4023171,103.90315759999999,48.082308857606215,
288B,1.4027295,103.9032946,after punggol field (bus stop),1.4024963,103.9024931,92.84853929405764,
288B,1.4027295,103.9032946,274A,1.4027227,103.90236740000002,103.18744742537905,
288B,1.4027295,103.9032946,274B,1.4031223999999998,103.9024316,105.40950000837675,
288B,1.4027295,103.9032946,after punggol central (bus stop),1.4033115,103.90332559999999,64.44701887215298,
288B,1.4027295,103.9032946,92,1.4002986000000002,103.9162965,1471.6901606006375,
288B,1.4027295,103.9032946,90,1.4006172,103.91652990000001,1491.3130165187313,
288C,1.4025151000000002,103.9036849,after punggol central (bus stop),1.4033115,103.90332559999999,96.71458127799578,
288C,1.4025151000000002,103.9036849,92,1.4002986000000002,103.9162965,1424.7387151455912,
288C,1.4025151000000002,103.9036849,90,1.4006172,103.91652990000001,1444.7965261979555,
288C,1.4025151000000002,103.9036849,288B,1.4027295,103.9032946,49.48372955397452,
288C,1.4025151000000002,103.9036849,288A,1.4023171,103.90315759999999,62.63254275171169,
288C,1.4025151000000002,103.9036849,289D,1.4020506000000001,103.9036292,51.734751206958215,
288C,1.4025151000000002,103.9036849,295,1.4020046999999998,103.9048642,142.86052493417148,
288C,1.4025151000000002,103.9036849,294,1.4026872,103.90467690000001,112.02424316811302,
92,1.4002986000000002,103.9162965,90,1.4006172,103.91652990000001,43.76936144597489,
92,1.4002986000000002,103.9162965,288C,1.4025151000000002,103.9036849,1424.7387151455912,
92,1.4002986000000002,103.9162965,288B,1.4027295,103.9032946,1471.6901606006375,
92,1.4002986000000002,103.9162965,274B,1.4031223999999998,103.9024316,1574.2509725518266,
92,1.4002986000000002,103.9162965,after punggol central (bus stop),1.4033115,103.90332559999999,1481.4310446179181,
92,1.4002986000000002,103.9162965,86,1.4012877000000001,103.9169432,130.92461279726544,
92,1.4002986000000002,103.9162965,82,1.4016848999999998,103.91625859999999,153.34805324384476,
92,1.4002986000000002,103.9162965,88,1.4009267,103.9167378,85.0615009021435,
90,1.4006172,103.91652990000001,293,1.4031741000000002,103.9049597,1318.2808894915295,
90,1.4006172,103.91652990000001,294,1.4026872,103.90467690000001,1338.7893144911855,
90,1.4006172,103.91652990000001,295,1.4020046999999998,103.9048642,1307.2681688797018,
90,1.4006172,103.91652990000001,288C,1.4025151000000002,103.9036849,1444.7965261979555,
90,1.4006172,103.91652990000001,288B,1.4027295,103.9032946,1491.3130165187313,
90,1.4006172,103.91652990000001,92,1.4002986000000002,103.9162965,43.76936144597489,
90,1.4006172,103.91652990000001,84,1.4013841,103.9165819,84.99714570413197,
90,1.4006172,103.91652990000001,82,1.4016848999999998,103.91625859999999,121.86026735147799,
90,1.4006172,103.91652990000001,88,1.4009267,103.9167378,41.309869297754176,
86,1.4012877000000001,103.9169432,84,1.4013841,103.9165819,41.596744893235325,
86,1.4012877000000001,103.9169432,82,1.4016848999999998,103.91625859999999,87.93980057142551,
86,1.4012877000000001,103.9169432,80,1.4017677,103.9159556,122.05117196553448,
86,1.4012877000000001,103.9169432,88,1.4009267,103.9167378,45.999020282014065,
86,1.4012877000000001,103.9169432,92,1.4002986000000002,103.9162965,130.92461279726544,
86,1.4012877000000001,103.9169432,after punggol central (bus stop),1.4033115,103.90332559999999,1531.8867449972447,
88,1.4009267,103.9167378,80,1.4017677,103.9159556,127.37814265107086,
88,1.4009267,103.9167378,293,1.4031741000000002,103.9049597,1334.091591475076,
88,1.4009267,103.9167378,294,1.4026872,103.90467690000001,1356.2573670679506,
88,1.4009267,103.9167378,90,1.4006172,103.91652990000001,41.309869297754176,
88,1.4009267,103.9167378,92,1.4002986000000002,103.9162965,85.0615009021435,
88,1.4009267,103.9167378,after punggol central (bus stop),1.4033115,103.90332559999999,1515.7103085930346,
88,1.4009267,103.9167378,86,1.4012877000000001,103.9169432,45.999020282014065,
88,1.4009267,103.9167378,84,1.4013841,103.9165819,53.46996986522743,
88,1.4009267,103.9167378,82,1.4016848999999998,103.91625859999999,99.36156525846934,
84,1.4013841,103.9165819,303D (bus stop),1.4040774,103.90481740000001,1342.6728800023698,
84,1.4013841,103.9165819,82,1.4016848999999998,103.91625859999999,48.99766587576555,
84,1.4013841,103.9165819,88,1.4009267,103.9167378,53.46996986522743,
84,1.4013841,103.9165819,90,1.4006172,103.91652990000001,84.99714570413197,
84,1.4013841,103.9165819,86,1.4012877000000001,103.9169432,41.596744893235325,
84,1.4013841,103.9165819,punggol station (taxi stand),1.4048608999999999,103.9026867,1593.4193048701839,
84,1.4013841,103.9165819,302A,1.4045119,103.90440190000001,1398.8957019746583,
84,1.4013841,103.9165819,302B,1.404406,103.90475620000001,1357.7968693693563,
82,1.4016848999999998,103.91625859999999,303D (bus stop),1.4040774,103.90481740000001,1300.4425830797563,
82,1.4016848999999998,103.91625859999999,80,1.4017677,103.9159556,34.94064463837233,
82,1.4016848999999998,103.91625859999999,88,1.4009267,103.9167378,99.36156525846934,
82,1.4016848999999998,103.91625859999999,90,1.4006172,103.91652990000001,121.86026735147799,
82,1.4016848999999998,103.91625859999999,92,1.4002986000000002,103.9162965,153.34805324384476,
82,1.4016848999999998,103.91625859999999,86,1.4012877000000001,103.9169432,87.93980057142551,
82,1.4016848999999998,103.91625859999999,84,1.4013841,103.9165819,48.99766587576555,
82,1.4016848999999998,103.91625859999999,302A,1.4045119,103.90440190000001,1356.0111783892098,
82,1.4016848999999998,103.91625859999999,302B,1.404406,103.90475620000001,1314.9470127106622,
80,1.4017677,103.9159556,302A,1.4045119,103.90440190000001,1321.089482341517,
80,1.4017677,103.9159556,302B,1.404406,103.90475620000001,1280.0274327003349,
80,1.4017677,103.9159556,303D (bus stop),1.4040774,103.90481740000001,1265.5671184590024,
80,1.4017677,103.9159556,303A,1.403809,103.9057605,1156.8100628261523,
80,1.4017677,103.9159556,303B,1.4039403999999998,103.9055183,1186.1146035453887,
80,1.4017677,103.9159556,303C,1.4040780000000002,103.9052954,1213.5281134409302,
80,1.4017677,103.9159556,293,1.4031741000000002,103.9049597,1233.535804316775,
80,1.4017677,103.9159556,294,1.4026872,103.90467690000001,1259.2769340483328,
80,1.4017677,103.9159556,88,1.4009267,103.9167378,127.37814265107086,
80,1.4017677,103.9159556,86,1.4012877000000001,103.9169432,122.05117196553448,
80,1.4017677,103.9159556,82,1.4016848999999998,103.91625859999999,34.94064463837233,
293,1.4031741000000002,103.9049597,303D (bus stop),1.4040774,103.90481740000001,101.1299318063113,
293,1.4031741000000002,103.9049597,303A,1.403809,103.9057605,113.44883762715354,
293,1.4031741000000002,103.9049597,303B,1.4039403999999998,103.9055183,105.09143040227345,
293,1.4031741000000002,103.9049597,303C,1.4040780000000002,103.9052954,106.70249158391798,
293,1.4031741000000002,103.9049597,298 (bus stop),1.4032091,103.9055521,66.0395215600301,
293,1.4031741000000002,103.9049597,299,1.4027949,103.905336,59.26055820788751,
293,1.4031741000000002,103.9049597,294,1.4026872,103.90467690000001,62.36268258531226,
293,1.4031741000000002,103.9049597,88,1.4009267,103.9167378,1334.091591475076,
293,1.4031741000000002,103.9049597,90,1.4006172,103.91652990000001,1318.2808894915295,
293,1.4031741000000002,103.9049597,80,1.4017677,103.9159556,1233.535804316775,
299,1.4027949,103.905336,298 (bus stop),1.4032091,103.9055521,51.730129079125575,
299,1.4027949,103.905336,303B,1.4039403999999998,103.9055183,128.27801465211692,
299,1.4027949,103.905336,303C,1.4040780000000002,103.9052954,141.9506326723091,
299,1.4027949,103.905336,298,1.4026126,103.9056626,41.561738232233985,
299,1.4027949,103.905336,297,1.4022883,103.9054975,58.82987039254237,
299,1.4027949,103.905336,296,1.4016978999999998,103.905299,121.37057651468163,
299,1.4027949,103.905336,295,1.4020046999999998,103.9048642,101.93815037045933,
299,1.4027949,103.905336,294,1.4026872,103.90467690000001,74.3093137652156,
299,1.4027949,103.905336,88,1.4009267,103.9167378,1285.5709389906726,
299,1.4027949,103.905336,293,1.4031741000000002,103.9049597,59.26055820788751,
298,1.4026126,103.9056626,195A,1.4015476999999998,103.906155,129.8773062198507,
298,1.4026126,103.9056626,opposite 296 (bus stop),1.4013487,103.90584809999999,141.27209846947747,
298,1.4026126,103.9056626,297,1.4022883,103.9054975,40.292449173184714,
298,1.4026126,103.9056626,294,1.4026872,103.90467690000001,110.00467780074733,
298,1.4026126,103.9056626,299,1.4027949,103.905336,41.561738232233985,
298,1.4026126,103.9056626,298 (bus stop),1.4032091,103.9055521,67.09449444014713,
297,1.4022883,103.9054975,195A,1.4015476999999998,103.906155,109.81909437052211,
297,1.4022883,103.9054975,opposite 296 (bus stop),1.4013487,103.90584809999999,110.9808560637145,
297,1.4022883,103.9054975,296,1.4016978999999998,103.905299,68.91960287276093,
297,1.4022883,103.9054975,295,1.4020046999999998,103.9048642,77.13942939885588,
297,1.4022883,103.9054975,294,1.4026872,103.90467690000001,101.41587213657498,
297,1.4022883,103.9054975,299,1.4027949,103.905336,58.82987039254237,
297,1.4022883,103.9054975,298,1.4026126,103.9056626,40.292449173184714,
296,1.4016978999999998,103.905299,297,1.4022883,103.9054975,68.91960287276093,
296,1.4016978999999998,103.905299,195A,1.4015476999999998,103.906155,96.69812233123137,
296,1.4016978999999998,103.905299,opposite 296 (bus stop),1.4013487,103.90584809999999,72.28455168195957,
296,1.4016978999999998,103.905299,opposite 199C (bus stop),1.4009585,103.9052968,81.75947712148987,
296,1.4016978999999998,103.905299,295,1.4020046999999998,103.9048642,59.094818408456426,
296,1.4016978999999998,103.905299,293,1.4031741000000002,103.9049597,167.54118202469468,
295,1.4020046999999998,103.9048642,297,1.4022883,103.9054975,77.13942939885588,
295,1.4020046999999998,103.9048642,296,1.4016978999999998,103.905299,59.094818408456426,
295,1.4020046999999998,103.9048642,opposite 199C (bus stop),1.4009585,103.9052968,125.3011301947189,
295,1.4020046999999998,103.9048642,289C,1.4016541,103.9034807,158.7704723432011,
295,1.4020046999999998,103.9048642,289D,1.4020506000000001,103.9036292,137.53236958685125,
295,1.4020046999999998,103.9048642,288C,1.4025151000000002,103.9036849,142.86052493417148,
295,1.4020046999999998,103.9048642,90,1.4006172,103.91652990000001,1307.2681688797018,
295,1.4020046999999998,103.9048642,294,1.4026872,103.90467690000001,78.29302498834335,
295,1.4020046999999998,103.9048642,293,1.4031741000000002,103.9049597,129.74235891033473,
295,1.4020046999999998,103.9048642,299,1.4027949,103.905336,101.93815037045933,
295,1.4020046999999998,103.9048642,298,1.4026126,103.9056626,111.41290380039776,
294,1.4026872,103.90467690000001,293,1.4031741000000002,103.9049597,62.36268258531226,
294,1.4026872,103.90467690000001,299,1.4027949,103.905336,74.3093137652156,
294,1.4026872,103.90467690000001,298,1.4026126,103.9056626,110.00467780074733,
294,1.4026872,103.90467690000001,297,1.4022883,103.9054975,101.41587213657498,
294,1.4026872,103.90467690000001,295,1.4020046999999998,103.9048642,78.29302498834335,
294,1.4026872,103.90467690000001,289D,1.4020506000000001,103.9036292,136.1960574260765,
294,1.4026872,103.90467690000001,288C,1.4025151000000002,103.9036849,112.02424316811302,
294,1.4026872,103.90467690000001,90,1.4006172,103.91652990000001,1338.7893144911855,
294,1.4026872,103.90467690000001,88,1.4009267,103.9167378,1356.2573670679506,
294,1.4026872,103.90467690000001,80,1.4017677,103.9159556,1259.2769340483328,
273A,1.4022774,103.9021262,273B,1.4020322,103.9017853,46.63013431309179,
273A,1.4022774,103.9021262,273C,1.4022370000000002,103.9013801,83.15085182250598,
273A,1.4022774,103.9021262,273D,1.4026281999999999,103.9014705,82.63975826852845,
273A,1.4022774,103.9021262,274A,1.4027227,103.90236740000002,56.08019916458103,
273A,1.4022774,103.9021262,274C,1.4033607,103.901966,121.10526908720792,
273A,1.4022774,103.9021262,274D,1.4031046,103.9017219,101.93476812954378,
273A,1.4022774,103.9021262,after punggol field (bus stop),1.4024963,103.9024931,47.4662305362393,
273B,1.4020322,103.9017853,273A,1.4022774,103.9021262,46.63013431309179,
273B,1.4020322,103.9017853,273C,1.4022370000000002,103.9013801,50.46018612230486,
273B,1.4020322,103.9017853,273D,1.4026281999999999,103.9014705,74.63557344940952,
273B,1.4020322,103.9017853,274C,1.4033607,103.901966,148.2688434826028,
273B,1.4020322,103.9017853,274D,1.4031046,103.9017219,118.79028445477772,
273C,1.4022370000000002,103.9013801,272C,1.4029163999999998,103.9000408,166.908254515994,
273C,1.4022370000000002,103.9013801,273A,1.4022774,103.9021262,83.15085182250598,
273C,1.4022370000000002,103.9013801,273B,1.4020322,103.9017853,50.46018612230486,
273C,1.4022370000000002,103.9013801,273D,1.4026281999999999,103.9014705,44.411375203088056,
273C,1.4022370000000002,103.9013801,274A,1.4027227,103.90236740000002,122.29654010953344,
273C,1.4022370000000002,103.9013801,274B,1.4031223999999998,103.9024316,152.5717123929899,
273D,1.4026281999999999,103.9014705,273A,1.4022774,103.9021262,82.63975826852845,
273D,1.4026281999999999,103.9014705,273B,1.4020322,103.9017853,74.63557344940952,
273D,1.4026281999999999,103.9014705,273C,1.4022370000000002,103.9013801,44.411375203088056,
273D,1.4026281999999999,103.9014705,274A,1.4027227,103.90236740000002,100.35820994062884,
273D,1.4026281999999999,103.9014705,274B,1.4031223999999998,103.9024316,120.1085593352637,
273D,1.4026281999999999,103.9014705,274D,1.4031046,103.9017219,59.646421481737015,
274A,1.4027227,103.90236740000002,273A,1.4022774,103.9021262,56.08019916458103,
274A,1.4027227,103.90236740000002,273C,1.4022370000000002,103.9013801,122.29654010953344,
274A,1.4027227,103.90236740000002,273D,1.4026281999999999,103.9014705,100.35820994062884,
274A,1.4027227,103.90236740000002,274B,1.4031223999999998,103.9024316,44.770554628365694,
274A,1.4027227,103.90236740000002,274C,1.4033607,103.901966,83.50025006210122,
274A,1.4027227,103.90236740000002,274D,1.4031046,103.9017219,83.32807237741899,
274A,1.4027227,103.90236740000002,after punggol field (bus stop),1.4024963,103.9024931,28.67739703829508,
274B,1.4031223999999998,103.9024316,273C,1.4022370000000002,103.9013801,152.5717123929899,
274B,1.4031223999999998,103.9024316,273D,1.4026281999999999,103.9014705,120.1085593352637,
274B,1.4031223999999998,103.9024316,274A,1.4027227,103.90236740000002,44.770554628365694,
274B,1.4031223999999998,103.9024316,274C,1.4033607,103.901966,58.130098929364536,
274B,1.4031223999999998,103.9024316,274D,1.4031046,103.9017219,79.00443384977658,
274B,1.4031223999999998,103.9024316,Punggol Temporary Interchange,1.404107,103.9025242,109.35870736623858,
274C,1.4033607,103.901966,273A,1.4022774,103.9021262,121.10526908720792,
274C,1.4033607,103.901966,273B,1.4020322,103.9017853,148.2688434826028,
274C,1.4033607,103.901966,274A,1.4027227,103.90236740000002,83.50025006210122,
274C,1.4033607,103.901966,274B,1.4031223999999998,103.9024316,58.130098929364536,
274C,1.4033607,103.901966,274D,1.4031046,103.9017219,39.24104639552468,
274C,1.4033607,103.901966,Punggol Temporary Interchange,1.404107,103.9025242,103.2898350549022,
274D,1.4031046,103.9017219,273A,1.4022774,103.9021262,101.93476812954378,
274D,1.4031046,103.9017219,273B,1.4020322,103.9017853,118.79028445477772,
274D,1.4031046,103.9017219,273D,1.4026281999999999,103.9014705,59.646421481737015,
274D,1.4031046,103.9017219,274A,1.4027227,103.90236740000002,83.32807237741899,
274D,1.4031046,103.9017219,274B,1.4031223999999998,103.9024316,79.00443384977658,
274D,1.4031046,103.9017219,274C,1.4033607,103.901966,39.24104639552468,
301B,1.4042851,103.9058892,301A,1.4041569999999999,103.9062753,45.24218055024114,
301B,1.4042851,103.9058892,301C,1.4044226999999998,103.9056415,31.48591024002527,
301B,1.4042851,103.9058892,303A,1.403809,103.9057605,54.55825258891933,
301B,1.4042851,103.9058892,303B,1.4039403999999998,103.9055183,56.182580115530044,
301B,1.4042851,103.9058892,303C,1.4040780000000002,103.9052954,69.93723653721446,
301B,1.4042851,103.9058892,305A,1.4052051,103.9067226,137.66115437740865,
301B,1.4042851,103.9058892,305B,1.4053773999999999,103.9063854,132.80559988529424,
301C,1.4044226999999998,103.9056415,301B,1.4042851,103.9058892,31.48591024002527,
301C,1.4044226999999998,103.9056415,301D,1.4045565,103.9053593,34.71545769266314,
301C,1.4044226999999998,103.9056415,303A,1.403809,103.9057605,69.13998153560219,
301C,1.4044226999999998,103.9056415,303B,1.4039403999999998,103.9055183,55.0644834981279,
301C,1.4044226999999998,103.9056415,303C,1.4040780000000002,103.9052954,54.1872997793642,
301C,1.4044226999999998,103.9056415,303D,1.4042685,103.9050009,73.30066506076584,
301C,1.4044226999999998,103.9056415,305B,1.4053773999999999,103.9063854,134.15533769708074,
301D,1.4045565,103.9053593,301C,1.4044226999999998,103.9056415,34.71545769266314,
301D,1.4045565,103.9053593,302D,1.4046918,103.90512,30.545456417494528,
301D,1.4045565,103.9053593,303B,1.4039403999999998,103.9055183,70.3856654085006,
301D,1.4045565,103.9053593,303C,1.4040780000000002,103.9052954,53.385848489895395,
301D,1.4045565,103.9053593,303D,1.4042685,103.9050009,51.038754734789485,
302A,1.4045119,103.90440190000001,80,1.4017677,103.9159556,1321.089482341517,
302A,1.4045119,103.90440190000001,82,1.4016848999999998,103.91625859999999,1356.0111783892098,
302A,1.4045119,103.90440190000001,84,1.4013841,103.9165819,1398.8957019746583,
302A,1.4045119,103.90440190000001,293,1.4031741000000002,103.9049597,160.42384981510065,
302A,1.4045119,103.90440190000001,302B,1.404406,103.90475620000001,41.130838839567794,
302A,1.4045119,103.90440190000001,302C,1.4048249,103.9048829,63.74299991959252,
302A,1.4045119,103.90440190000001,303D (bus stop),1.4040774,103.90481740000001,66.68126202961066,
302A,1.4045119,103.90440190000001,Opp Punggol View Pri Sch (bus stop),1.4055431,103.9043482,114.18137789693725,
302A,1.4045119,103.90440190000001,Punggol MRT,1.40523,103.90235,241.76001141703694,
302A,1.4045119,103.90440190000001,punggol station (taxi stand),1.4048608999999999,103.9026867,194.74014600101745,
302A,1.4045119,103.90440190000001,Punggol Temporary Interchange,1.404107,103.9025242,213.7047831661462,
302B,1.404406,103.90475620000001,80,1.4017677,103.9159556,1280.0274327003349,
302B,1.404406,103.90475620000001,82,1.4016848999999998,103.91625859999999,1314.9470127106622,
302B,1.404406,103.90475620000001,84,1.4013841,103.9165819,1357.7968693693563,
302B,1.404406,103.90475620000001,293,1.4031741000000002,103.9049597,138.08700472553372,
302B,1.404406,103.90475620000001,301D,1.4045565,103.9053593,69.14910455720796,
302B,1.404406,103.90475620000001,302A,1.4045119,103.90440190000001,41.130838839567794,
302B,1.404406,103.90475620000001,302C,1.4048249,103.9048829,48.418354591683205,
302B,1.404406,103.90475620000001,302D,1.4046918,103.90512,51.3596947157131,
302B,1.404406,103.90475620000001,303D,1.4042685,103.9050009,31.18864553991276,
302B,1.404406,103.90475620000001,303D (bus stop),1.4040774,103.90481740000001,36.967726091408935,
302C,1.4048249,103.9048829,302A,1.4045119,103.90440190000001,63.74299991959252,
302C,1.4048249,103.9048829,302B,1.404406,103.90475620000001,48.418354591683205,
302C,1.4048249,103.9048829,302D,1.4046918,103.90512,30.21299474354654,
302C,1.4048249,103.9048829,303D,1.4042685,103.9050009,62.90972653689877,
302C,1.4048249,103.9048829,Opp Punggol View Pri Sch (bus stop),1.4055431,103.9043482,99.23480078942546,
302C,1.4048249,103.9048829,Punggol View Pri Sch (bus stop),1.4059238,103.9048756,121.51352133406493,
302D,1.4046918,103.90512,301D,1.4045565,103.9053593,30.545456417494528,
302D,1.4046918,103.90512,302B,1.404406,103.90475620000001,51.3596947157131,
302D,1.4046918,103.90512,302C,1.4048249,103.9048829,30.21299474354654,
302D,1.4046918,103.90512,303C,1.4040780000000002,103.9052954,70.62205275205271,
302D,1.4046918,103.90512,303D,1.4042685,103.9050009,48.64679091782349,
303A,1.403809,103.9057605,293,1.4031741000000002,103.9049597,113.44883762715354,
303A,1.403809,103.9057605,298,1.4026126,103.9056626,132.7397296114873,
303A,1.403809,103.9057605,299,1.4027949,103.905336,121.6789268409399,
303A,1.403809,103.9057605,298 (bus stop),1.4032091,103.9055521,70.27132666712119,
303A,1.403809,103.9057605,301A,1.4041569999999999,103.9062753,69.01363500500342,
303A,1.403809,103.9057605,301B,1.4042851,103.9058892,54.55825258891933,
303A,1.403809,103.9057605,301C,1.4044226999999998,103.9056415,69.13998153560219,
303A,1.403809,103.9057605,303B,1.4039403999999998,103.9055183,30.620273830808795,
303B,1.4039403999999998,103.9055183,80,1.4017677,103.9159556,1186.1146035453887,
303B,1.4039403999999998,103.9055183,293,1.4031741000000002,103.9049597,105.09143040227345,
303B,1.4039403999999998,103.9055183,299,1.4027949,103.905336,128.27801465211692,
303B,1.4039403999999998,103.9055183,298 (bus stop),1.4032091,103.9055521,80.95089302645069,
303B,1.4039403999999998,103.9055183,301A,1.4041569999999999,103.9062753,87.5821493042605,
303B,1.4039403999999998,103.9055183,301B,1.4042851,103.9058892,56.182580115530044,
303B,1.4039403999999998,103.9055183,301C,1.4044226999999998,103.9056415,55.0644834981279,
303B,1.4039403999999998,103.9055183,301D,1.4045565,103.9053593,70.3856654085006,
303B,1.4039403999999998,103.9055183,303A,1.403809,103.9057605,30.620273830808795,
303B,1.4039403999999998,103.9055183,303C,1.4040780000000002,103.9052954,29.10022554854184,
303C,1.4040780000000002,103.9052954,293,1.4031741000000002,103.9049597,106.70249158391798,
303C,1.4040780000000002,103.9052954,298 (bus stop),1.4032091,103.9055521,100.2356012611311,
303C,1.4040780000000002,103.9052954,301B,1.4042851,103.9058892,69.93723653721446,
303C,1.4040780000000002,103.9052954,301C,1.4044226999999998,103.9056415,54.1872997793642,
303C,1.4040780000000002,103.9052954,301D,1.4045565,103.9053593,53.385848489895395,
303C,1.4040780000000002,103.9052954,302D,1.4046918,103.90512,70.62205275205271,
303C,1.4040780000000002,103.9052954,303D,1.4042685,103.9050009,38.95942739565485,
303C,1.4040780000000002,103.9052954,303D (bus stop),1.4040774,103.90481740000001,53.19488827495417,
303D,1.4042685,103.9050009,301D,1.4045565,103.9053593,51.038754734789485,
303D,1.4042685,103.9050009,302B,1.404406,103.90475620000001,31.18864553991276,
303D,1.4042685,103.9050009,302C,1.4048249,103.9048829,62.90972653689877,
303D,1.4042685,103.9050009,302D,1.4046918,103.90512,48.64679091782349,
303D,1.4042685,103.9050009,303D (bus stop),1.4040774,103.90481740000001,29.38592078746619,
301,1.4037205,103.9061298,301A,1.4041569999999999,103.9062753,50.90961642004006,
301,1.4037205,103.9061298,301A (bus stop),1.40399,103.90659000000001,59.25289953811098,
301,1.4037205,103.9061298,301B,1.4042851,103.9058892,67.93016878904473,
301,1.4037205,103.9061298,303A,1.403809,103.9057605,42.24703274847935,
301,1.4037205,103.9061298,602B,1.4030339,103.90687679999999,112.58199186019839,
602,1.4032471000000002,103.9072887,601A,1.4024858999999998,103.90759,90.6025869677101,
602,1.4032471000000002,103.9072887,601D,1.4029774,103.907682,52.962943440193534,
602,1.4032471000000002,103.9072887,602A,1.4034754999999999,103.9070327,38.071921189630686,
602,1.4032471000000002,103.9072887,602B,1.4030339,103.90687679999999,51.545708671123016,
602,1.4032471000000002,103.9072887,602C,1.4028063,103.9071823,50.15908223504174,
602,1.4032471000000002,103.9072887,603C,1.4034137,103.907916,72.19962619187693,
602,1.4032471000000002,103.9072887,604B,1.4039018,103.9072235,72.75612746613066,
602,1.4032471000000002,103.9072887,604C,1.4036773,103.9075724,57.09315898604794,
603,1.4039133999999998,103.9079335,603A,1.4035487,103.9084722,72.25119908023623,
603,1.4039133999999998,103.9079335,603B,1.4031873,103.9082131,86.10703563119351,
603,1.4039133999999998,103.9079335,603C,1.4034137,103.907916,55.288609194862076,
603,1.4039133999999998,103.9079335,604A,1.4042647,103.9074102,70.00269580497307,
603,1.4039133999999998,103.9079335,604B,1.4039018,103.9072235,79.02368251096021,
603,1.4039133999999998,103.9079335,604C,1.4036773,103.9075724,47.92113549946553,
603,1.4039133999999998,103.9079335,612D,1.4047463,103.9076175,98.5834560944264,
603,1.4039133999999998,103.9079335,613A,1.404527,103.9079211,67.8628164733319,
603,1.4039133999999998,103.9079335,613B,1.4043172,103.90824609999999,56.60254785686159,
603,1.4039133999999998,103.9079335,613C,1.404103,103.9085458,71.29286546737961,
614,1.4033493000000001,103.9096363,614A,1.4036136000000001,103.90923190000001,53.66073980396898,
614,1.4033493000000001,103.9096363,614B,1.403051,103.9100811,59.483135985915744,
614,1.4033493000000001,103.9096363,615A,1.4040051000000002,103.9095691,72.89965096725226,
614,1.4033493000000001,103.9096363,615B,1.4037658000000002,103.9099181,55.717982073734824,
614,1.4033493000000001,103.9096363,615C,1.4034879,103.91028259999999,73.53902886860345,
301A,1.4041569999999999,103.9062753,301A (bus stop),1.40399,103.90659000000001,39.59191709801585,
301A,1.4041569999999999,103.9062753,301B,1.4042851,103.9058892,45.24218055024114,
301A,1.4041569999999999,103.9062753,303A,1.403809,103.9057605,69.01363500500342,
305A,1.4052051,103.9067226,301A (bus stop),1.40399,103.90659000000001,135.16753194922998,
305A,1.4052051,103.9067226,305B,1.4053773999999999,103.9063854,42.085158844759896,
305A,1.4052051,103.9067226,305D,1.4057889,103.9069365,68.80269104373465,
305B,1.4053773999999999,103.9063854,301A,1.4041569999999999,103.9062753,135.50076730785756,
305B,1.4053773999999999,103.9063854,305A,1.4052051,103.9067226,42.085158844759896,
305B,1.4053773999999999,103.9063854,305D,1.4057889,103.9069365,76.36585206262802,
305B,1.4053773999999999,103.9063854,306B,1.405853,103.9059333,72.78047207542907,
305B,1.4053773999999999,103.9063854,306D,1.4061131000000002,103.9064785,82.00710544664456,
305D,1.4057889,103.9069365,305A,1.4052051,103.9067226,68.80269104373465,
305D,1.4057889,103.9069365,305B,1.4053773999999999,103.9063854,76.36585206262802,
305D,1.4057889,103.9069365,306B,1.405853,103.9059333,111.86709156438437,
305D,1.4057889,103.9069365,306D,1.4061131000000002,103.9064785,62.313359150995254,
305D,1.4057889,103.9069365,612C,1.4051606,103.907831,121.39185203886613,
306A,1.4061209,103.9054158,306B,1.405853,103.9059333,64.76265872343474,
306A,1.4061209,103.9054158,306C,1.406426,103.9060078,74.01694109533616,
306A,1.4061209,103.9054158,Punggol View Pri Sch (bus stop),1.40591,103.90488,64.02523559790885,
306B,1.405853,103.9059333,305B,1.4053773999999999,103.9063854,72.78047207542907,
306B,1.405853,103.9059333,305D,1.4057889,103.9069365,111.86709156438437,
306B,1.405853,103.9059333,306A,1.4061209,103.9054158,64.76265872343474,
306B,1.405853,103.9059333,306C,1.406426,103.9060078,63.89958339190899,
306B,1.405853,103.9059333,306D,1.4061131000000002,103.9064785,67.14469791923221,
306C,1.406426,103.9060078,306A,1.4061209,103.9054158,74.01694109533616,
306C,1.406426,103.9060078,306B,1.405853,103.9059333,63.89958339190899,
306C,1.406426,103.9060078,306D,1.4061131000000002,103.9064785,62.77738905294038,
306D,1.4061131000000002,103.9064785,305A,1.4052051,103.9067226,104.01205127280822,
306D,1.4061131000000002,103.9064785,305B,1.4053773999999999,103.9063854,82.00710544664456,
306D,1.4061131000000002,103.9064785,305D,1.4057889,103.9069365,62.313359150995254,
306D,1.4061131000000002,103.9064785,306B,1.405853,103.9059333,67.14469791923221,
306D,1.4061131000000002,103.9064785,306C,1.406426,103.9060078,62.77738905294038,
601A,1.4024858999999998,103.90759,602,1.4032471000000002,103.9072887,90.6025869677101,
601A,1.4024858999999998,103.90759,601B,1.4022784,103.9078997,41.40415381369307,
601A,1.4024858999999998,103.90759,601C,1.4027726999999999,103.9080352,58.82502532365198,
601A,1.4024858999999998,103.90759,601D,1.4029774,103.907682,55.30355814548928,
601A,1.4024858999999998,103.90759,602C,1.4028063,103.9071823,57.56497599863287,
601B,1.4022784,103.9078997,601A,1.4024858999999998,103.90759,41.40415381369307,
601B,1.4022784,103.9078997,Punggol Sec/601b,1.40205,103.907837,26.20150174068655,
601B,1.4022784,103.9078997,601C,1.4027726999999999,103.9080352,56.69915468937075,
601B,1.4022784,103.9078997,601D,1.4029774,103.907682,80.99990612739734,
601C,1.4027726999999999,103.9080352,601A,1.4024858999999998,103.90759,58.82502532365198,
601C,1.4027726999999999,103.9080352,601B,1.4022784,103.9078997,56.69915468937075,
601C,1.4027726999999999,103.9080352,601D,1.4029774,103.907682,45.3576610305456,
601C,1.4027726999999999,103.9080352,603B,1.4031873,103.9082131,49.936567849865945,
601C,1.4027726999999999,103.9080352,603C,1.4034137,103.907916,72.1091956682682,
601D,1.4029774,103.907682,602,1.4032471000000002,103.9072887,52.962943440193534,
601D,1.4029774,103.907682,601A,1.4024858999999998,103.90759,55.30355814548928,
601D,1.4029774,103.907682,601B,1.4022784,103.9078997,80.99990612739734,
601D,1.4029774,103.907682,601C,1.4027726999999999,103.9080352,45.3576610305456,
601D,1.4029774,103.907682,602C,1.4028063,103.9071823,58.74002988832571,
601D,1.4029774,103.907682,603B,1.4031873,103.9082131,63.49797344466536,
601D,1.4029774,103.907682,603C,1.4034137,103.907916,54.82337594445263,
601D,1.4029774,103.907682,604C,1.4036773,103.9075724,78.34663629190787,
602A,1.4034754999999999,103.9070327,602,1.4032471000000002,103.9072887,38.071921189630686,
602A,1.4034754999999999,103.9070327,602B,1.4030339,103.90687679999999,51.820508186601124,
602A,1.4034754999999999,103.9070327,602C,1.4028063,103.9071823,75.84648678424982,
602A,1.4034754999999999,103.9070327,604B,1.4039018,103.9072235,51.69969749198242,
602A,1.4034754999999999,103.9070327,604C,1.4036773,103.9075724,64.07235162795418,
602B,1.4030339,103.90687679999999,194,1.4020700000000001,103.9065,114.53526495965978,
602B,1.4030339,103.90687679999999,301,1.4037205,103.9061298,112.58199186019839,
602B,1.4030339,103.90687679999999,602,1.4032471000000002,103.9072887,51.545708671123016,
602B,1.4030339,103.90687679999999,602A,1.4034754999999999,103.9070327,51.820508186601124,
602B,1.4030339,103.90687679999999,602C,1.4028063,103.9071823,42.29932878697511,
602C,1.4028063,103.9071823,602,1.4032471000000002,103.9072887,50.15908223504174,
602C,1.4028063,103.9071823,601A,1.4024858999999998,103.90759,57.56497599863287,
602C,1.4028063,103.9071823,601D,1.4029774,103.907682,58.74002988832571,
602C,1.4028063,103.9071823,602A,1.4034754999999999,103.9070327,75.84648678424982,
602C,1.4028063,103.9071823,602B,1.4030339,103.90687679999999,42.29932878697511,
603A,1.4035487,103.9084722,603,1.4039133999999998,103.9079335,72.25119908023623,
603A,1.4035487,103.9084722,603B,1.4031873,103.9082131,49.27839548077117,
603A,1.4035487,103.9084722,603C,1.4034137,103.907916,63.67203573175316,
603A,1.4035487,103.9084722,613B,1.4043172,103.90824609999999,88.62382107374243,
603A,1.4035487,103.9084722,613C,1.404103,103.9085458,61.83654605861529,
603A,1.4035487,103.9084722,613D,1.4038749,103.9088781,57.80520349190303,
603A,1.4035487,103.9084722,614A,1.4036136000000001,103.90923190000001,84.84823744098476,
603B,1.4031873,103.9082131,603,1.4039133999999998,103.9079335,86.10703563119351,
603B,1.4031873,103.9082131,601C,1.4027726999999999,103.9080352,49.936567849865945,
603B,1.4031873,103.9082131,601D,1.4029774,103.907682,63.49797344466536,
603B,1.4031873,103.9082131,603A,1.4035487,103.9084722,49.27839548077117,
603B,1.4031873,103.9082131,603C,1.4034137,103.907916,41.47146701446686,
603C,1.4034137,103.907916,602,1.4032471000000002,103.9072887,72.19962619187693,
603C,1.4034137,103.907916,603,1.4039133999999998,103.9079335,55.288609194862076,
603C,1.4034137,103.907916,601C,1.4027726999999999,103.9080352,72.1091956682682,
603C,1.4034137,103.907916,601D,1.4029774,103.907682,54.82337594445263,
603C,1.4034137,103.907916,603A,1.4035487,103.9084722,63.67203573175316,
603C,1.4034137,103.907916,603B,1.4031873,103.9082131,41.47146701446686,
603C,1.4034137,103.907916,604C,1.4036773,103.9075724,48.08037971970976,
604A,1.4042647,103.9074102,603,1.4039133999999998,103.9079335,70.00269580497307,
604A,1.4042647,103.9074102,604A (bus stop),1.40452,103.90719,37.3821792745385,
604A,1.4042647,103.9074102,604B,1.4039018,103.9072235,45.18758682468838,
604A,1.4042647,103.9074102,604C,1.4036773,103.9075724,67.41328936456,
604A,1.4042647,103.9074102,612D,1.4047463,103.9076175,58.035153368420886,
604A,1.4042647,103.9074102,613A,1.404527,103.9079211,63.82666818552414,
604B,1.4039018,103.9072235,602,1.4032471000000002,103.9072887,72.75612746613066,
604B,1.4039018,103.9072235,603,1.4039133999999998,103.9079335,79.02368251096021,
604B,1.4039018,103.9072235,602A,1.4034754999999999,103.9070327,51.69969749198242,
604B,1.4039018,103.9072235,604A,1.4042647,103.9074102,45.18758682468838,
604B,1.4039018,103.9072235,604A (bus stop),1.40452,103.90719,68.45901569581044,
604B,1.4039018,103.9072235,604C,1.4036773,103.9075724,46.08505258952226,
604C,1.4036773,103.9075724,602,1.4032471000000002,103.9072887,57.09315898604794,
604C,1.4036773,103.9075724,603,1.4039133999999998,103.9079335,47.92113549946553,
604C,1.4036773,103.9075724,601D,1.4029774,103.907682,78.34663629190787,
604C,1.4036773,103.9075724,602A,1.4034754999999999,103.9070327,64.07235162795418,
604C,1.4036773,103.9075724,603C,1.4034137,103.907916,48.08037971970976,
604C,1.4036773,103.9075724,604A,1.4042647,103.9074102,67.41328936456,
604C,1.4036773,103.9075724,604B,1.4039018,103.9072235,46.08505258952226,
612A,1.4042576,103.90920159999999,Damai Stn Exit B,1.404384,103.909628,49.468012233446025,
612A,1.4042576,103.90920159999999,612B,1.4049451000000002,103.9081374,140.7300493309339,
612A,1.4042576,103.90920159999999,613C,1.404103,103.9085458,74.95692906947778,
612A,1.4042576,103.90920159999999,613D,1.4038749,103.9088781,55.55907993666632,
612A,1.4042576,103.90920159999999,614A,1.4036136000000001,103.90923190000001,71.290053673827,
612A,1.4042576,103.90920159999999,615A,1.4040051000000002,103.9095691,49.51927719139695,
612B,1.4049451000000002,103.9081374,612A,1.4042576,103.90920159999999,140.7300493309339,
612B,1.4049451000000002,103.9081374,612C,1.4051606,103.907831,41.59924608770632,
612B,1.4049451000000002,103.9081374,612D,1.4047463,103.9076175,61.89295303955035,
612B,1.4049451000000002,103.9081374,613A,1.404527,103.9079211,52.12258984730998,
612B,1.4049451000000002,103.9081374,613B,1.4043172,103.90824609999999,70.47594492376219,
612B,1.4049451000000002,103.9081374,Damai LRT,1.40526,103.90858,60.320141980143475,
612C,1.4051606,103.907831,612B,1.4049451000000002,103.9081374,41.59924608770632,
612C,1.4051606,103.907831,612D,1.4047463,103.9076175,51.60605799881645,
612C,1.4051606,103.907831,613A,1.404527,103.9079211,70.7741616026696,
612C,1.4051606,103.907831,679A,1.4059556999999998,103.90827270000001,100.7264868231752,
612D,1.4047463,103.9076175,604A,1.4042647,103.9074102,58.035153368420886,
612D,1.4047463,103.9076175,604A (bus stop),1.40452,103.90719,53.75430243929674,
612D,1.4047463,103.9076175,612B,1.4049451000000002,103.9081374,61.89295303955035,
612D,1.4047463,103.9076175,612C,1.4051606,103.907831,51.60605799881645,
612D,1.4047463,103.9076175,613A,1.404527,103.9079211,41.58781513604787,
613A,1.404527,103.9079211,604A,1.4042647,103.9074102,63.82666818552414,
613A,1.404527,103.9079211,612B,1.4049451000000002,103.9081374,52.12258984730998,
613A,1.404527,103.9079211,612C,1.4051606,103.907831,70.7741616026696,
613A,1.404527,103.9079211,612D,1.4047463,103.9076175,41.58781513604787,
613A,1.404527,103.9079211,613B,1.4043172,103.90824609999999,42.96863001090134,
613B,1.4043172,103.90824609999999,603A,1.4035487,103.9084722,88.62382107374243,
613B,1.4043172,103.90824609999999,604A,1.4042647,103.9074102,93.20516241848613,
613B,1.4043172,103.90824609999999,612B,1.4049451000000002,103.9081374,70.47594492376219,
613B,1.4043172,103.90824609999999,613A,1.404527,103.9079211,42.96863001090134,
613B,1.4043172,103.90824609999999,613C,1.404103,103.9085458,40.90691477079977,
613C,1.404103,103.9085458,603A,1.4035487,103.9084722,61.83654605861529,
613C,1.404103,103.9085458,612A,1.4042576,103.90920159999999,74.95692906947778,
613C,1.404103,103.9085458,613B,1.4043172,103.90824609999999,40.90691477079977,
613C,1.404103,103.9085458,613D,1.4038749,103.9088781,44.762810402099426,
613D,1.4038749,103.9088781,603A,1.4035487,103.9084722,57.80520349190303,
613D,1.4038749,103.9088781,612A,1.4042576,103.90920159999999,55.55907993666632,
613D,1.4038749,103.9088781,613C,1.404103,103.9085458,44.762810402099426,
613D,1.4038749,103.9088781,614A,1.4036136000000001,103.90923190000001,48.837070989736915,
613D,1.4038749,103.9088781,615A,1.4040051000000002,103.9095691,78.23490116921305,
614A,1.4036136000000001,103.90923190000001,614,1.4033493000000001,103.9096363,53.66073980396898,
614A,1.4036136000000001,103.90923190000001,603A,1.4035487,103.9084722,84.84823744098476,
614A,1.4036136000000001,103.90923190000001,612A,1.4042576,103.90920159999999,71.290053673827,
614A,1.4036136000000001,103.90923190000001,613D,1.4038749,103.9088781,48.837070989736915,
614A,1.4036136000000001,103.90923190000001,615A,1.4040051000000002,103.9095691,57.29060267352352,
614A,1.4036136000000001,103.90923190000001,615B,1.4037658000000002,103.9099181,78.19715064235378,
614B,1.403051,103.9100811,614,1.4033493000000001,103.9096363,59.483135985915744,
614B,1.403051,103.9100811,615B,1.4037658000000002,103.9099181,81.09381097291327,
614B,1.403051,103.9100811,615C,1.4034879,103.91028259999999,53.26085980736116,
614B,1.403051,103.9100811,Punggol Secondary School (bus stop),1.40212,103.90978,108.26142607698827,
615A,1.4040051000000002,103.9095691,614,1.4033493000000001,103.9096363,72.89965096725226,
615A,1.4040051000000002,103.9095691,612A,1.4042576,103.90920159999999,49.51927719139695,
615A,1.4040051000000002,103.9095691,Damai Stn Exit B,1.404384,103.909628,42.406492323746996,
615A,1.4040051000000002,103.9095691,613D,1.4038749,103.9088781,78.23490116921305,
615A,1.4040051000000002,103.9095691,614A,1.4036136000000001,103.90923190000001,57.29060267352352,
615A,1.4040051000000002,103.9095691,615B,1.4037658000000002,103.9099181,46.99600075128834,
615B,1.4037658000000002,103.9099181,614,1.4033493000000001,103.9096363,55.717982073734824,
615B,1.4037658000000002,103.9099181,614A,1.4036136000000001,103.90923190000001,78.19715064235378,
615B,1.4037658000000002,103.9099181,614B,1.403051,103.9100811,81.09381097291327,
615B,1.4037658000000002,103.9099181,615A,1.4040051000000002,103.9095691,46.99600075128834,
615B,1.4037658000000002,103.9099181,615C,1.4034879,103.91028259999999,50.8889427381343,
615C,1.4034879,103.91028259999999,614,1.4033493000000001,103.9096363,73.53902886860345,
615C,1.4034879,103.91028259999999,614B,1.403051,103.9100811,53.26085980736116,
615C,1.4034879,103.91028259999999,615B,1.4037658000000002,103.9099181,50.8889427381343,
615C,1.4034879,103.91028259999999,619B,1.4029488,103.9110484,104.00210364768459,
194,1.4020700000000001,103.9065,298,1.4026126,103.9056626,110.83481802380204,
194,1.4020700000000001,103.9065,195A,1.4015476999999998,103.906155,69.35075410253516,
194,1.4020700000000001,103.9065,195B,1.4013909,103.90645620000001,75.24947763557466,
194,1.4020700000000001,103.9065,195C,1.4011136999999998,103.9067959,110.7515449224012,
194,1.4020700000000001,103.9065,195D,1.4015,103.90700000000001,84.07531521157385,
194,1.4020700000000001,103.9065,195E,1.4017903999999999,103.907216,85.46880388792654,
194,1.4020700000000001,103.9065,602B,1.4030339,103.90687679999999,114.53526495965978,
196,1.3993274,103.9071814,196A,1.3993331,103.9067812,44.541322747549,
196,1.3993274,103.9071814,196B,1.3990295,103.90718000000001,32.94064243620919,
196,1.3993274,103.9071814,196C,1.3994049,103.9075593,42.919400252761676,
196,1.3993274,103.9071814,196D,1.3996573,103.9073405,40.54854791379851,
196,1.3993274,103.9071814,197A,1.3998605,103.9069178,65.84342859329347,
196,1.3993274,103.9071814,Blk 196C (65241),1.399094,103.907652,58.38518695248263,
199,1.4002318,103.905967,197B,1.4001190000000001,103.9065877,70.192583869987,
199,1.4002318,103.905967,199A,1.3997913,103.9062074,55.57186442549129,
199,1.4002318,103.905967,199B,1.4000805,103.9057885,25.971065955903736,
199,1.4002318,103.905967,199C,1.4006721000000002,103.9058967,49.31071856982717,
199,1.4002318,103.905967,199D,1.4004645,103.90627629999999,42.97524996038416,
195A,1.4015476999999998,103.906155,194,1.4020700000000001,103.9065,69.35075410253516,
195A,1.4015476999999998,103.906155,195B,1.4013909,103.90645620000001,37.738126486098196,
195A,1.4015476999999998,103.906155,199C,1.4006721000000002,103.9058967,100.99648982219526,
195A,1.4015476999999998,103.906155,199D,1.4004645,103.90627629999999,120.53306942117655,
195A,1.4015476999999998,103.906155,Opp Blk 296 (65089),1.40135,103.90585,40.372915025019175,
195B,1.4013909,103.90645620000001,194,1.4020700000000001,103.9065,75.24947763557466,
195B,1.4013909,103.90645620000001,195A,1.4015476999999998,103.906155,37.738126486098196,
195B,1.4013909,103.90645620000001,195C,1.4011136999999998,103.9067959,48.66876791335357,
195B,1.4013909,103.90645620000001,195D,1.4015,103.90700000000001,61.708246115062664,
195B,1.4013909,103.90645620000001,199C,1.4006721000000002,103.9058967,100.96619279518782,
195B,1.4013909,103.90645620000001,199D,1.4004645,103.90627629999999,104.37470748278875,
195C,1.4011136999999998,103.9067959,47,1.4012438999999999,103.90747320000001,76.73691549808882,
195C,1.4011136999999998,103.9067959,194,1.4020700000000001,103.9065,110.7515449224012,
195C,1.4011136999999998,103.9067959,195B,1.4013909,103.90645620000001,48.66876791335357,
195C,1.4011136999999998,103.9067959,195D,1.4015,103.90700000000001,48.378563961341214,
195C,1.4011136999999998,103.9067959,197B,1.4001190000000001,103.9065877,112.40283734336849,
195C,1.4011136999999998,103.9067959,199C,1.4006721000000002,103.9058967,111.34683093902999,
195C,1.4011136999999998,103.9067959,199D,1.4004645,103.90627629999999,92.17802210253862,
195D,1.4015401,103.907022,47,1.4012438999999999,103.90747320000001,59.94998962762965,
195D,1.4015401,103.907022,194,1.4020700000000001,103.9065,82.5096323955122,
195D,1.4015401,103.907022,195B,1.4013909,103.90645620000001,65.09128535392458,
195D,1.4015401,103.907022,195C,1.4011136999999998,103.9067959,53.443071955506106,
195D,1.4015401,103.907022,195E,1.4017903999999999,103.907216,35.10157288471478,
195E,1.4017903999999999,103.907216,47,1.4012438999999999,103.90747320000001,66.86521659092153,
195E,1.4017903999999999,103.907216,194,1.4020700000000001,103.9065,85.46880388792654,
195E,1.4017903999999999,103.907216,195D,1.4015,103.90700000000001,40.11150467133844,
195E,1.4017903999999999,103.907216,47,1.4012438999999999,103.90747320000001,66.86521659092153,
195E,1.4017903999999999,103.907216,Opp Punggol Sec/Blk 195E (65289),1.40175,103.907628,46.067106644612664,
196A,1.3993331,103.9067812,196,1.3993274,103.9071814,44.541322747549,
196A,1.3993331,103.9067812,196B,1.3990295,103.90718000000001,55.647648846228016,
196A,1.3993331,103.9067812,197A,1.3998605,103.9069178,60.26600380807438,
196A,1.3993331,103.9067812,197B,1.4001190000000001,103.9065877,89.52914129073531,
196A,1.3993331,103.9067812,199A,1.3997913,103.9062074,81.5144172870147,
196A,1.3993331,103.9067812,Cove Stn Exit B (65151),1.39913,103.90655,34.15194986593204,
196B,1.3990295,103.90718000000001,196,1.3993274,103.9071814,32.94064243620919,
196B,1.3990295,103.90718000000001,101C,1.3982008,103.906639,109.64239338754001,
196B,1.3990295,103.90718000000001,175D,1.3985233999999998,103.9079268,100.19387953432926,
196B,1.3990295,103.90718000000001,196A,1.3993331,103.9067812,55.647648846228016,
196C,1.3994049,103.9075593,45,1.4007346999999999,103.9084917,179.96771746170057,
196C,1.3994049,103.9075593,196,1.3993274,103.9071814,42.919400252761676,
196C,1.3994049,103.9075593,196D,1.3996573,103.9073405,37.03803721165614,
196D,1.3996573,103.9073405,196,1.3993274,103.9071814,40.54854791379851,
196D,1.3996573,103.9073405,196C,1.3994049,103.9075593,37.03803721165614,
196D,1.3996573,103.9073405,197A,1.3998605,103.9069178,52.13142227790859,
197A,1.3998605,103.9069178,196,1.3993274,103.9071814,65.84342859329347,
197A,1.3998605,103.9069178,196A,1.3993331,103.9067812,60.26600380807438,
197A,1.3998605,103.9069178,196D,1.3996573,103.9073405,52.13142227790859,
197A,1.3998605,103.9069178,197B,1.4001190000000001,103.9065877,46.54602826180476,
197A,1.3998605,103.9069178,199A,1.3997913,103.9062074,79.42735729118296,
197B,1.4001190000000001,103.9065877,199,1.4002318,103.905967,70.192583869987,
197B,1.4001190000000001,103.9065877,195C,1.4011136999999998,103.9067959,112.40283734336849,
197B,1.4001190000000001,103.9065877,196A,1.3993331,103.9067812,89.52914129073531,
197B,1.4001190000000001,103.9065877,197A,1.3998605,103.9069178,46.54602826180476,
197B,1.4001190000000001,103.9065877,199A,1.3997913,103.9062074,55.7151471468845,
197B,1.4001190000000001,103.9065877,199D,1.4004645,103.90627629999999,51.5796468753202,
199A,1.3997913,103.9062074,199,1.4002318,103.905967,55.57186442549129,
199A,1.3997913,103.9062074,196A,1.3993331,103.9067812,81.5144172870147,
199A,1.3997913,103.9062074,197A,1.3998605,103.9069178,79.42735729118296,
199A,1.3997913,103.9062074,197B,1.4001190000000001,103.9065877,55.7151471468845,
199A,1.3997913,103.9062074,199B,1.4000805,103.9057885,56.53175514308577,
199A,1.3997913,103.9062074,Cove LRT,1.39941,103.90581,61.102589032492,
199B,1.4000805,103.9057885,199,1.4002318,103.905967,25.971065955903736,
199B,1.4000805,103.9057885,102B,1.3991869,103.9054186,107.04165864544106,
199B,1.4000805,103.9057885,199A,1.3997913,103.9062074,56.53175514308577,
199B,1.4000805,103.9057885,Cove LRT,1.39941,103.90581,74.17909405333346,
199C,1.4006721000000002,103.9058967,199,1.4002318,103.905967,49.31071856982717,
199C,1.4006721000000002,103.9058967,195A,1.4015476999999998,103.906155,100.99648982219526,
199C,1.4006721000000002,103.9058967,195B,1.4013909,103.90645620000001,100.96619279518782,
199C,1.4006721000000002,103.9058967,195C,1.4011136999999998,103.9067959,111.34683093902999,
199C,1.4006721000000002,103.9058967,199D,1.4004645,103.90627629999999,48.07840050161426,
199C,1.4006721000000002,103.9058967,Opp Blk 296 (65089),1.40135,103.90585,75.13869866465109,
199D,1.4004645,103.90627629999999,199,1.4002318,103.905967,42.97524996038416,
199D,1.4004645,103.90627629999999,195A,1.4015476999999998,103.906155,120.53306942117655,
199D,1.4004645,103.90627629999999,195B,1.4013909,103.90645620000001,104.37470748278875,
199D,1.4004645,103.90627629999999,195C,1.4011136999999998,103.9067959,92.17802210253862,
199D,1.4004645,103.90627629999999,197B,1.4001190000000001,103.9065877,51.5796468753202,
199D,1.4004645,103.90627629999999,199C,1.4006721000000002,103.9058967,48.07840050161426,
623,1.40014,103.9120554,622A,1.4000377,103.9110567,111.71597175538999,
623,1.40014,103.9120554,623A,1.3998609,103.91197240000001,32.2140980685392,
623,1.40014,103.9120554,623C,1.3997381000000002,103.91144969999999,80.73734414211194,
623,1.40014,103.9120554,624C,1.4004795,103.9120551,37.54020660721515,
635,1.40094,103.91348,632A,1.4006976,103.9133537,30.265109485366434,
635,1.40094,103.91348,632B,1.4008386,103.9131451,38.919863967724076,
635,1.40094,103.91348,633B,1.4011993999999999,103.91341159999999,29.675998797592413,
635,1.40094,103.91348,635A,1.4009293999999999,103.913744,29.40299085409908,
635,1.40094,103.91348,636B,1.4004204,103.913761,65.41370825828852,
53 The Amore,1.39901,103.91308000000001,53A The Amore,1.39875,103.91287,37.04993632493022,
53 The Amore,1.39901,103.91308000000001,55 The Amore,1.3989,103.91258,56.95715545045311,
53 The Amore,1.39901,103.91308000000001,57A The Amore,1.39927,103.91283,40.00719894710263,
53 The Amore,1.39901,103.91308000000001,Horizon Pri Sch (65411),1.3994654,103.91381870000001,96.40413864855168,
53A The Amore,1.39875,103.91287,53 The Amore,1.39901,103.91308000000001,37.04993632493022,
53A The Amore,1.39875,103.91287,55 The Amore,1.3989,103.91258,36.28575635942499,
53A The Amore,1.39875,103.91287,57A The Amore,1.39927,103.91283,57.67102202442209,
55 The Amore,1.3989,103.91258,53 The Amore,1.39901,103.91308000000001,56.95715545045311,
55 The Amore,1.3989,103.91258,53A The Amore,1.39875,103.91287,36.28575635942499,
55 The Amore,1.3989,103.91258,55A The Amore,1.39913,103.91228000000001,41.9692847308007,
55A The Amore,1.39913,103.91228000000001,55 The Amore,1.3989,103.91258,41.9692847308007,
55A The Amore,1.39913,103.91228000000001,623A,1.3998609,103.91197240000001,87.76991510832832,
55A The Amore,1.39913,103.91228000000001,623B,1.3994688,103.9118215,63.300850534149134,
617A,1.4023895,103.91184179999999,616,1.40216,103.9117,29.883286554531136,
617A,1.4023895,103.91184179999999,617B,1.4021312,103.91219579999999,48.65958738000166,
617A,1.4023895,103.91184179999999,618C,1.4016540000000002,103.9118562,81.34365568944635,
617A,1.4023895,103.91184179999999,618D,1.4019137,103.91146429999999,67.32657112046068,
617A,1.4023895,103.91184179999999,619A,1.402659,103.911458,52.08000278744343,
617A,1.4023895,103.91184179999999,619D,1.4021894,103.9110754,88.11313843388756,
617B,1.4021312,103.91219579999999,616,1.40216,103.9117,55.267612657153556,
617B,1.4021312,103.91219579999999,617A,1.4023895,103.91184179999999,48.65958738000166,
617B,1.4021312,103.91219579999999,617C,1.4019209,103.9125034,41.383005239993025,
617B,1.4021312,103.91219579999999,618B,1.4014693999999999,103.912109,73.81328622849273,
617B,1.4021312,103.91219579999999,618C,1.4016540000000002,103.9118562,64.90446156139883,
617B,1.4021312,103.91219579999999,618D,1.4019137,103.91146429999999,84.88427720882312,
617B,1.4021312,103.91219579999999,Oasis Stn Exit B/blk 617d (65311),1.4021461000000002,103.9127005,56.19039657155516,
617C,1.4019209,103.9125034,616,1.40216,103.9117,93.23460011534891,
617C,1.4019209,103.9125034,617B,1.4021312,103.91219579999999,41.383005239993025,
617C,1.4019209,103.9125034,617D,1.4016874,103.9128405,45.540994377991865,
617C,1.4019209,103.9125034,618A,1.4011885,103.91250629999999,80.98572917286192,
617C,1.4019209,103.9125034,618B,1.4014693999999999,103.912109,66.47492379683369,
617C,1.4019209,103.9125034,618C,1.4016540000000002,103.9118562,77.8365059160879,
617C,1.4019209,103.9125034,Oasis Stn Exit B/blk 617d (65311),1.4021461000000002,103.9127005,33.18445247068584,
617D,1.4016874,103.9128405,616,1.40216,103.9117,137.25922986268532,
617D,1.4016874,103.9128405,617C,1.4019209,103.9125034,45.540994377991865,
617D,1.4016874,103.9128405,618A,1.4011885,103.91250629999999,66.53201144164588,
617D,1.4016874,103.9128405,618B,1.4014693999999999,103.912109,84.89997290441141,
617D,1.4016874,103.9128405,632C,1.4009757999999999,103.912972,80.03441765658086,
617D,1.4016874,103.9128405,633A,1.4013413000000001,103.9131942,54.89953761861916,
617D,1.4016874,103.9128405,Oasis Stn Exit B/blk 617d (65311),1.4021461000000002,103.9127005,53.059695835658445,
618A,1.4011885,103.91250629999999,616,1.40216,103.9117,139.96904586149822,
618A,1.4011885,103.91250629999999,617C,1.4019209,103.9125034,80.98572917286192,
618A,1.4011885,103.91250629999999,617D,1.4016874,103.9128405,66.53201144164588,
618A,1.4011885,103.91250629999999,618B,1.4014693999999999,103.912109,54.03370134603661,
618A,1.4011885,103.91250629999999,624B,1.4007435,103.9116958,102.74644973543556,
618A,1.4011885,103.91250629999999,624C,1.4004795,103.9120551,93.09929208353779,
618A,1.4011885,103.91250629999999,632C,1.4009757999999999,103.912972,56.9130981324477,
618A,1.4011885,103.91250629999999,633A,1.4013413000000001,103.9131942,78.39626318576775,
618B,1.4014693999999999,103.912109,616,1.40216,103.9117,88.89901391624595,
618B,1.4014693999999999,103.912109,617B,1.4021312,103.91219579999999,73.81328622849273,
618B,1.4014693999999999,103.912109,617C,1.4019209,103.9125034,66.47492379683369,
618B,1.4014693999999999,103.912109,617D,1.4016874,103.9128405,84.89997290441141,
618B,1.4014693999999999,103.912109,618A,1.4011885,103.91250629999999,54.03370134603661,
618B,1.4014693999999999,103.912109,618C,1.4016540000000002,103.9118562,34.75819898941125,
618B,1.4014693999999999,103.912109,624A,1.4008568000000001,103.911349,108.35981596566539,
618B,1.4014693999999999,103.912109,624B,1.4007435,103.9116958,92.50499395038453,
618B,1.4014693999999999,103.912109,624C,1.4004795,103.9120551,109.6223648465941,
618C,1.4016540000000002,103.9118562,616,1.40216,103.9117,58.58900791566197,
618C,1.4016540000000002,103.9118562,617A,1.4023895,103.91184179999999,81.34365568944635,
618C,1.4016540000000002,103.9118562,617B,1.4021312,103.91219579999999,64.90446156139883,
618C,1.4016540000000002,103.9118562,617C,1.4019209,103.9125034,77.8365059160879,
618C,1.4016540000000002,103.9118562,618B,1.4014693999999999,103.912109,34.75819898941125,
618C,1.4016540000000002,103.9118562,618D,1.4019137,103.91146429999999,52.21812457953265,
618C,1.4016540000000002,103.9118562,624A,1.4008568000000001,103.911349,104.6731172119332,
618C,1.4016540000000002,103.9118562,624B,1.4007435,103.9116958,102.24867533308151,
618D,1.4019137,103.91146429999999,616,1.40216,103.9117,37.811999840079324,
618D,1.4019137,103.91146429999999,617A,1.4023895,103.91184179999999,67.32657112046068,
618D,1.4019137,103.91146429999999,617B,1.4021312,103.91219579999999,84.88427720882312,
618D,1.4019137,103.91146429999999,618C,1.4016540000000002,103.9118562,52.21812457953265,
618D,1.4019137,103.91146429999999,619A,1.402659,103.911458,82.41448558702771,
618D,1.4019137,103.91146429999999,619D,1.4021894,103.9110754,52.938285656938916,
619A,1.402659,103.911458,616,1.40216,103.9117,61.3985732204749,
619A,1.402659,103.911458,617A,1.4023895,103.91184179999999,52.08000278744343,
619A,1.402659,103.911458,618D,1.4019137,103.91146429999999,82.41448558702771,
619A,1.402659,103.911458,619B,1.4029488,103.9110484,55.71945205689957,
619A,1.402659,103.911458,619C,1.4024584999999998,103.9106922,88.05962337454221,
619A,1.402659,103.911458,619D,1.4021894,103.9110754,67.15064243269441,
619B,1.4029488,103.9110484,616,1.40216,103.9117,113.42795390748981,
619B,1.4029488,103.9110484,615C,1.4034879,103.91028259999999,104.00210364768459,
619B,1.4029488,103.9110484,619A,1.402659,103.911458,55.71945205689957,
619B,1.4029488,103.9110484,619C,1.4024584999999998,103.9106922,67.161001618217,
619B,1.4029488,103.9110484,619D,1.4021894,103.9110754,84.02435240277019,
619C,1.4024584999999998,103.9106922,616,1.40216,103.9117,116.9104279398429,
619C,1.4024584999999998,103.9106922,619A,1.402659,103.911458,88.05962337454221,
619C,1.4024584999999998,103.9106922,619B,1.4029488,103.9110484,67.161001618217,
619C,1.4024584999999998,103.9106922,619D,1.4021894,103.9110754,51.99993685432832,
619C,1.4024584999999998,103.9106922,Opp Punggol Sec Sch (65389),1.4022258,103.91011590000001,69.10344862500737,
619D,1.4021894,103.9110754,616,1.40216,103.9117,69.58545283921758,
619D,1.4021894,103.9110754,617A,1.4023895,103.91184179999999,88.11313843388756,
619D,1.4021894,103.9110754,618D,1.4019137,103.91146429999999,52.938285656938916,
619D,1.4021894,103.9110754,619A,1.402659,103.911458,67.15064243269441,
619D,1.4021894,103.9110754,619B,1.4029488,103.9110484,84.02435240277019,
619D,1.4021894,103.9110754,619C,1.4024584999999998,103.9106922,51.99993685432832,
621A,1.4010684,103.90989809999999,601B,1.4022784,103.9078997,259.53941558944746,
621A,1.4010684,103.90989809999999,SPC,1.4004,103.90912,113.84466265892802,
621B,1.4013871,103.910104,621A,1.4010684,103.90989809999999,42.0347440716262,
621B,1.4013871,103.910104,622C,1.4007194,103.9108095,107.77395294382885,
621B,1.4013871,103.910104,Opp Punggol Sec Sch (65389),1.4022258,103.91011590000001,92.7486574801512,
622A,1.4000377,103.9110567,623,1.40014,103.9120554,111.71597175538999,
622A,1.4000377,103.9110567,622B,1.4002983,103.9107255,46.78536211971017,
622A,1.4000377,103.9110567,623A,1.3998609,103.91197240000001,103.76331191651985,
622A,1.4000377,103.9110567,623C,1.3997381000000002,103.91144969999999,54.866044882599304,
622A,1.4000377,103.9110567,624A,1.4008568000000001,103.911349,96.23623511109052,
622A,1.4000377,103.9110567,624B,1.4007435,103.9116958,105.59043582332039,
622A,1.4000377,103.9110567,624C,1.4004795,103.9120551,121.37379467622604,
622A,1.4000377,103.9110567,Opp Blk 188 (65271),1.3999807,103.9106464,46.09379123262559,
622B,1.4002983,103.9107255,622A,1.4000377,103.9110567,46.78536211971017,
622B,1.4002983,103.9107255,622C,1.4007194,103.9108095,47.4922014006953,
622B,1.4002983,103.9107255,622D,1.40048,103.91046,35.73046344350663,
622B,1.4002983,103.9107255,624A,1.4008568000000001,103.911349,92.88910968766099,
622B,1.4002983,103.9107255,Opp Blk 188 (65271),1.3999807,103.9106464,36.2050368495087,
622C,1.4007194,103.9108095,621A,1.4010684,103.90989809999999,108.51988676401064,
622C,1.4007194,103.9108095,621B,1.4013871,103.910104,107.77395294382885,
622C,1.4007194,103.9108095,622B,1.4002983,103.9107255,47.4922014006953,
622C,1.4007194,103.9108095,622D,1.40048,103.91046,47.04826138561873,
622C,1.4007194,103.9108095,624A,1.4008568000000001,103.911349,61.93152011712347,
622D,1.40048,103.91046,621A,1.4010684,103.90989809999999,90.2404285866636,
622D,1.40048,103.91046,621B,1.4013871,103.910104,107.84331587516203,
622D,1.40048,103.91046,622B,1.4002983,103.9107255,35.73046344350663,
622D,1.40048,103.91046,622C,1.4007194,103.9108095,47.04826138561873,
622D,1.40048,103.91046,Opp Blk 188 (65271),1.3999807,103.9106464,58.97844239594011,
623A,1.3998609,103.91197240000001,623,1.40014,103.9120554,32.2140980685392,
623A,1.3998609,103.91197240000001,55A,1.39913,103.91228000000001,87.76991510832832,
623A,1.3998609,103.91197240000001,622A,1.4000377,103.9110567,103.76331191651985,
623A,1.3998609,103.91197240000001,623B,1.3994688,103.9118215,46.49504935880494,
623A,1.3998609,103.91197240000001,623C,1.3997381000000002,103.91144969999999,59.7332681220631,
623B,1.3994688,103.9118215,55A The Amore,1.39913,103.91228000000001,63.300850534149134,
623B,1.3994688,103.9118215,623A,1.3998609,103.91197240000001,46.49504935880494,
623B,1.3994688,103.9118215,623C,1.3997381000000002,103.91144969999999,50.97763414116486,
623C,1.3997381000000002,103.91144969999999,622A,1.4000377,103.9110567,54.866044882599304,
623C,1.3997381000000002,103.91144969999999,623A,1.3998609,103.91197240000001,59.7332681220631,
623C,1.3997381000000002,103.91144969999999,623B,1.3994688,103.9118215,50.97763414116486,
623C,1.3997381000000002,103.91144969999999,624A,1.4008568000000001,103.911349,124.20677221632901,
623C,1.3997381000000002,103.91144969999999,624B,1.4007435,103.9116958,114.49586862732772,
623C,1.3997381000000002,103.91144969999999,624C,1.4004795,103.9120551,106.11249545674477,
624A,1.4008568000000001,103.911349,618B,1.4014693999999999,103.912109,108.35981596566539,
624A,1.4008568000000001,103.911349,618C,1.4016540000000002,103.9118562,104.6731172119332,
624A,1.4008568000000001,103.911349,622A,1.4000377,103.9110567,96.23623511109052,
624A,1.4008568000000001,103.911349,622B,1.4002983,103.9107255,92.88910968766099,
624A,1.4008568000000001,103.911349,622C,1.4007194,103.9108095,61.93152011712347,
624A,1.4008568000000001,103.911349,623C,1.3997381000000002,103.91144969999999,124.20677221632901,
624A,1.4008568000000001,103.911349,624B,1.4007435,103.9116958,40.57661756985752,
624B,1.4007435,103.9116958,623,1.40014,103.9120554,77.8116050233198,
624B,1.4007435,103.9116958,622A,1.4000377,103.9110567,105.59043582332039,
624B,1.4007435,103.9116958,622B,1.4002983,103.9107255,118.67326087157052,
624B,1.4007435,103.9116958,623A,1.3998609,103.91197240000001,102.33279654676303,
624B,1.4007435,103.9116958,623C,1.3997381000000002,103.91144969999999,114.49586862732772,
624B,1.4007435,103.9116958,624A,1.4008568000000001,103.911349,40.57661756985752,
624B,1.4007435,103.9116958,624C,1.4004795,103.9120551,49.50735612988745,
624B,1.4007435,103.9116958,624C,1.4004795,103.9120551,49.50735612988745,
624C,1.4004795,103.9120551,623,1.40014,103.9120554,37.54020660721515,
624C,1.4004795,103.9120551,622A,1.4000377,103.9110567,121.37379467622604,
624C,1.4004795,103.9120551,623C,1.3997381000000002,103.91144969999999,106.11249545674477,
624C,1.4004795,103.9120551,624B,1.4007435,103.9116958,49.50735612988745,
632A,1.4006976,103.9133537,635,1.40094,103.91348,30.265109485366434,
632A,1.4006976,103.9133537,632B,1.4008386,103.9131451,27.964039947614772,
632A,1.4006976,103.9133537,633B,1.4011993999999999,103.91341159999999,55.85938322707153,
632A,1.4006976,103.9133537,635A,1.4009293999999999,103.913744,50.43381712663637,
632A,1.4006976,103.9133537,635B,1.4007874,103.9139545,67.59421002418263,
632A,1.4006976,103.9133537,636B,1.4004204,103.913761,54.717832860072825,
632B,1.4008386,103.9131451,635,1.40094,103.91348,38.919863967724076,
632B,1.4008386,103.9131451,632A,1.4006976,103.9133537,27.964039947614772,
632B,1.4008386,103.9131451,632C,1.4009757999999999,103.912972,24.520300312923773,
632B,1.4008386,103.9131451,633A,1.4013413000000001,103.9131942,55.85394297648621,
632B,1.4008386,103.9131451,633B,1.4011993999999999,103.91341159999999,49.71149930516394,
632C,1.4009757999999999,103.912972,616,1.40216,103.9117,192.8320979840236,
632C,1.4009757999999999,103.912972,617D,1.4016874,103.9128405,80.03441765658086,
632C,1.4009757999999999,103.912972,618A,1.4011885,103.91250629999999,56.9130981324477,
632C,1.4009757999999999,103.912972,632B,1.4008386,103.9131451,24.520300312923773,
632C,1.4009757999999999,103.912972,633A,1.4013413000000001,103.9131942,47.37984664658419,
632C,1.4009757999999999,103.912972,633B,1.4011993999999999,103.91341159999999,54.81439926715798,
633A,1.4013413000000001,103.9131942,616,1.40216,103.9117,189.32955457204002,
633A,1.4013413000000001,103.9131942,617D,1.4016874,103.9128405,54.89953761861916,
633A,1.4013413000000001,103.9131942,618A,1.4011885,103.91250629999999,78.39626318576775,
633A,1.4013413000000001,103.9131942,632B,1.4008386,103.9131451,55.85394297648621,
633A,1.4013413000000001,103.9131942,632C,1.4009757999999999,103.912972,47.37984664658419,
633A,1.4013413000000001,103.9131942,632C,1.4009757999999999,103.912972,47.37984664658419,
633A,1.4013413000000001,103.9131942,633B,1.4011993999999999,103.91341159999999,28.836227491658097,
633B,1.4011993999999999,103.91341159999999,635,1.40094,103.91348,29.675998797592413,
633B,1.4011993999999999,103.91341159999999,632A,1.4006976,103.9133537,55.85938322707153,
633B,1.4011993999999999,103.91341159999999,632B,1.4008386,103.9131451,49.71149930516394,
633B,1.4011993999999999,103.91341159999999,632C,1.4009757999999999,103.912972,54.81439926715798,
633B,1.4011993999999999,103.91341159999999,633A,1.4013413000000001,103.9131942,28.836227491658097,
633B,1.4011993999999999,103.91341159999999,635A,1.4009293999999999,103.913744,47.53645140818703,
635A,1.4009293999999999,103.913744,635,1.40094,103.91348,29.40299085409908,
635A,1.4009293999999999,103.913744,632A,1.4006976,103.9133537,50.43381712663637,
635A,1.4009293999999999,103.913744,635B,1.4007874,103.9139545,28.201231698399184,
635A,1.4009293999999999,103.913744,636B,1.4004204,103.913761,56.314431506334834,
635B,1.4007874,103.9139545,632A,1.4006976,103.9133537,67.59421002418263,
635B,1.4007874,103.9139545,635A,1.4009293999999999,103.913744,28.201231698399184,
635B,1.4007874,103.9139545,635C,1.4006393,103.91420040000001,31.89106395537291,
635B,1.4007874,103.9139545,636A,1.4002871000000001,103.913923,55.4315986682507,
635B,1.4007874,103.9139545,636B,1.4004204,103.913761,45.94048188758327,
635C,1.4006393,103.91420040000001,635B,1.4007874,103.9139545,31.89106395537291,
635C,1.4006393,103.91420040000001,636A,1.4002871000000001,103.913923,49.69591375099058,
635C,1.4006393,103.91420040000001,636B,1.4004204,103.913761,54.56201558117311,
635C,1.4006393,103.91420040000001,638A,1.4001173,103.9148571,93.12660581815749,
636A,1.4002871000000001,103.913923,635B,1.4007874,103.9139545,55.4315986682507,
636A,1.4002871000000001,103.913923,635C,1.4006393,103.91420040000001,49.69591375099058,
636A,1.4002871000000001,103.913923,636B,1.4004204,103.913761,23.286915810233015,
636A,1.4002871000000001,103.913923,Horizon Pri Sch (65411),1.3994654,103.91381870000001,91.59782811404475,
636B,1.4004204,103.913761,632A,1.4006976,103.9133537,54.717832860072825,
636B,1.4004204,103.913761,635A,1.4009293999999999,103.913744,56.314431506334834,
636B,1.4004204,103.913761,635B,1.4007874,103.9139545,45.94048188758327,
636B,1.4004204,103.913761,635C,1.4006393,103.91420040000001,54.56201558117311,
636B,1.4004204,103.913761,636A,1.4002871000000001,103.913923,23.286915810233015,
SPC,1.4004,103.90912,195E,1.4017903999999999,103.907216,261.79025014772157,
SPC,1.4004,103.90912,621A,1.4010684,103.90989809999999,113.84466265892802,
174D,1.3973846,103.9099662,174,1.3967478000000002,103.9103319,81.32918356601601,
173A,1.3970209999999998,103.9095136,174,1.3967478000000002,103.9103319,95.94569794350527,
174C,1.3970693,103.91040799999999,174,1.3967478000000002,103.9103319,36.544681308390814,
174B,1.3967281999999999,103.9108217,174,1.3967478000000002,103.9103319,54.551263433263735,
174A,1.3964385,103.911204,174,1.3967478000000002,103.9103319,102.90285371939657,
173D,1.396026,103.9109211,174,1.3967478000000002,103.9103319,103.29351671310216,
173C,1.3962822,103.9104557,174,1.3967478000000002,103.9103319,53.295252693330774,
173B,1.396617,103.91003740000001,174,1.3967478000000002,103.9103319,35.82336839894041,
176A,1.3989536,103.90818,175,1.3981716999999998,103.90864959999999,101.02576159780301,
176B,1.3986618999999998,103.9085226,175,1.3981716999999998,103.90864959999999,56.016144392148185,
176C,1.3983152,103.9089321,175,1.3981716999999998,103.90864959999999,35.215821878945455,
176D,1.3979205,103.909464,175,1.3981716999999998,103.90864959999999,94.7926712593414,
175A,1.3975311000000001,103.90900309999999,175,1.3981716999999998,103.90864959999999,81.02542278201035,
175B,1.3978542,103.9085954,175,1.3981716999999998,103.90864959999999,35.62192205541353,
175C,1.3983152,103.9089321,175,1.3981716999999998,103.90864959999999,35.215821878945455,
175D,1.3979205,103.909464,175,1.3981716999999998,103.90864959999999,94.7926712593414,
193,1.3999258999999997,103.90892779999999,178,1.3994169,103.9085474,70.42621229455366,
192,1.3998901000000001,103.909533,178,1.3994169,103.9085474,121.5252297506614,
181,1.3992552,103.9090922,178,1.3994169,103.9085474,63.210409834968104,
180,1.3985678,103.9092497,178,1.3994169,103.9085474,122.16227443694476,
176A,1.3989536,103.90818,178,1.3994169,103.9085474,65.54515878040802,
176B,1.3986618999999998,103.9085226,178,1.3994169,103.9085474,83.52968547505344,
185,1.3981716,103.91032790000001,180,1.3985678,103.9092497,127.73683248662579,
184,1.3984784,103.910081,180,1.3985678,103.9092497,93.03916308435332,
183,1.3987708,103.90974609999999,180,1.3985678,103.9092497,59.62888827657911,
182,1.3990118999999999,103.9094495,180,1.3985678,103.9092497,53.90574274300928,
181,1.3992552,103.9090922,180,1.3985678,103.9092497,78.00396213396495,
178,1.3994169,103.9085474,180,1.3985678,103.9092497,122.16227443694476,
176B,1.3986618999999998,103.9085226,180,1.3985678,103.9092497,81.58270598710158,
176C,1.3983152,103.9089321,180,1.3985678,103.9092497,45.04880733966874,
176D,1.3979205,103.909464,180,1.3985678,103.9092497,75.44378089287778,
174D,1.3973846,103.9099662,180,1.3985678,103.9092497,153.21567873322286,
193,1.3999258999999997,103.90892779999999,181,1.3992552,103.9090922,76.38598194828128,
192,1.3998901000000001,103.909533,181,1.3992552,103.9090922,85.64465835352811,
191,1.3996205,103.9098027,181,1.3992552,103.9090922,88.78915201375104,
182,1.3990118999999999,103.9094495,181,1.3992552,103.9090922,48.00870133940781,
178,1.3994169,103.9085474,181,1.3992552,103.9090922,63.210409834968104,
180,1.3985678,103.9092497,181,1.3992552,103.9090922,78.00396213396495,
176B,1.3986618999999998,103.9085226,181,1.3992552,103.9090922,91.22521795148921,
176C,1.3983152,103.9089321,181,1.3992552,103.9090922,105.45643614339996,
192,1.3998901000000001,103.909533,182,1.3990118999999999,103.9094495,97.55050604069896,
191,1.3996205,103.9098027,182,1.3990118999999999,103.9094495,77.93415166719095,
190,1.3993496,103.91006740000002,182,1.3990118999999999,103.9094495,78.24858887669699,
183,1.3987708,103.90974609999999,182,1.3990118999999999,103.9094495,42.42918762323847,
181,1.3992552,103.9090922,182,1.3990118999999999,103.9094495,48.00870133940781,
180,1.3985678,103.9092497,182,1.3990118999999999,103.9094495,53.90574274300928,
176B,1.3986618999999998,103.9085226,182,1.3990118999999999,103.9094495,110.17266161957124,
176C,1.3983152,103.9089321,182,1.3990118999999999,103.9094495,96.17797357594401,
191,1.3996205,103.9098027,183,1.3987708,103.90974609999999,94.16642564288875,
190,1.3993496,103.91006740000002,183,1.3987708,103.90974609999999,73.31177557940275,
188,1.3990866000000002,103.910452,183,1.3987708,103.90974609999999,85.96862259753966,
187,1.3990097,103.9108446,183,1.3987708,103.90974609999999,125.06982273660783,
184,1.3984784,103.910081,183,1.3987708,103.90974609999999,49.33972310347482,
182,1.3990118999999999,103.9094495,183,1.3987708,103.90974609999999,42.42918762323847,
180,1.3985678,103.9092497,183,1.3987708,103.90974609999999,59.62888827657911,
176C,1.3983152,103.9089321,183,1.3987708,103.90974609999999,103.65320746285163,
176D,1.3979205,103.909464,183,1.3987708,103.90974609999999,99.12462481655899,
190,1.3993496,103.91006740000002,184,1.3984784,103.910081,96.34477425817421,
188,1.3990866000000002,103.910452,184,1.3984784,103.910081,78.91406551438062,
187,1.3990097,103.9108446,184,1.3984784,103.910081,103.30881449716972,
186,1.39876,103.9111127,184,1.3984784,103.910081,118.96175750382905,
185,1.3981716,103.91032790000001,184,1.3984784,103.910081,43.6558208954282,
183,1.3987708,103.90974609999999,184,1.3984784,103.910081,49.33972310347482,
180,1.3985678,103.9092497,184,1.3984784,103.910081,93.03916308435332,
176C,1.3983152,103.9089321,184,1.3984784,103.910081,129.12434692168392,
176D,1.3979205,103.909464,184,1.3984784,103.910081,92.30571648864469,
188,1.3990866000000002,103.910452,185,1.3981716,103.91032790000001,102.11430365506065,
187,1.3990097,103.9108446,185,1.3981716,103.91032790000001,109.06287390363468,
186,1.39876,103.9111127,185,1.3981716,103.91032790000001,108.90809815496128,
184,1.3984784,103.910081,185,1.3981716,103.91032790000001,43.6558208954282,
180,1.3985678,103.9092497,185,1.3981716,103.91032790000001,127.73683248662579,
176D,1.3979205,103.909464,185,1.3981716,103.91032790000001,100.06950585846506,
174D,1.3973846,103.9099662,185,1.3981716,103.91032790000001,95.88098639788556,
187,1.3990097,103.9108446,186,1.39876,103.9111127,40.65126399618007,
185,1.3981716,103.91032790000001,186,1.39876,103.9111127,108.90809815496128,
188,1.3990866000000002,103.910452,187,1.3990097,103.9108446,44.51085317193394,
186,1.39876,103.9111127,187,1.3990097,103.9108446,40.65126399618007,
185,1.3981716,103.91032790000001,187,1.3990097,103.9108446,109.06287390363468,
184,1.3984784,103.910081,187,1.3990097,103.9108446,103.30881449716972,
190,1.3993496,103.91006740000002,188,1.3990866000000002,103.910452,51.74577084658269,
187,1.3990097,103.9108446,188,1.3990866000000002,103.910452,44.51085317193394,
185,1.3981716,103.91032790000001,188,1.3990866000000002,103.910452,102.11430365506065,
184,1.3984784,103.910081,188,1.3990866000000002,103.910452,78.91406551438062,
183,1.3987708,103.90974609999999,188,1.3990866000000002,103.910452,85.96862259753966,
191,1.3996205,103.9098027,190,1.3993496,103.91006740000002,42.01230376126193,
188,1.3990866000000002,103.910452,190,1.3993496,103.91006740000002,51.74577084658269,
184,1.3984784,103.910081,190,1.3993496,103.91006740000002,96.34477425817421,
183,1.3987708,103.90974609999999,190,1.3993496,103.91006740000002,73.31177557940275,
182,1.3990118999999999,103.9094495,190,1.3993496,103.91006740000002,78.24858887669699,
192,1.3998901000000001,103.909533,191,1.3996205,103.9098027,42.30288613259697,
190,1.3993496,103.91006740000002,191,1.3996205,103.9098027,42.01230376126193,
183,1.3987708,103.90974609999999,191,1.3996205,103.9098027,94.16642564288875,
182,1.3990118999999999,103.9094495,191,1.3996205,103.9098027,77.93415166719095,
181,1.3992552,103.9090922,191,1.3996205,103.9098027,88.78915201375104,
193,1.3999258999999997,103.90892779999999,192,1.3998901000000001,103.909533,67.46681631494572,
191,1.3996205,103.9098027,192,1.3998901000000001,103.909533,42.30288613259697,
182,1.3990118999999999,103.9094495,192,1.3998901000000001,103.909533,97.55050604069896,
181,1.3992552,103.9090922,192,1.3998901000000001,103.909533,85.64465835352811,
192,1.3998901000000001,103.909533,193,1.3999258999999997,103.90892779999999,67.46681631494572,
181,1.3992552,103.9090922,193,1.3999258999999997,103.90892779999999,76.38598194828128,
178,1.3994169,103.9085474,193,1.3999258999999997,103.90892779999999,70.42621229455366,
173D,1.396026,103.9109211,110D,1.3951325,103.9103578,117.00830445592806,
173D,1.396026,103.9109211,172A,1.3953757,103.9115639,101.42912433684087,
176D,1.3979205,103.909464,173A,1.3970209999999998,103.9095136,99.61520299410401,
175A,1.3975311000000001,103.90900309999999,173A,1.3970209999999998,103.9095136,80.05638366097183,
174D,1.3973846,103.9099662,173A,1.3970209999999998,103.9095136,64.44698312116222,
174C,1.3970693,103.91040799999999,173A,1.3970209999999998,103.9095136,99.6779377361836,
173B,1.396617,103.91003740000001,173A,1.3970209999999998,103.9095136,73.44087512710038,
174,1.3967478000000002,103.9103319,173A,1.3970209999999998,103.9095136,95.94569794350527,
174D,1.3973846,103.9099662,173B,1.396617,103.91003740000001,85.2463672481335,
173A,1.3970209999999998,103.9095136,173B,1.396617,103.91003740000001,73.44087512710038,
174C,1.3970693,103.91040799999999,173B,1.396617,103.91003740000001,64.82495804087574,
173C,1.3962822,103.9104557,173B,1.396617,103.91003740000001,59.47714956737398,
174,1.3967478000000002,103.9103319,173B,1.396617,103.91003740000001,35.82336839894041,
174C,1.3970693,103.91040799999999,173C,1.3962822,103.9104557,87.19526629132744,
174B,1.3967281999999999,103.9108217,173C,1.3962822,103.9104557,63.96183764088545,
174A,1.3964385,103.911204,173C,1.3962822,103.9104557,85.05031919374132,
173D,1.396026,103.9109211,173C,1.3962822,103.9104557,59.03426698450862,
174,1.3967478000000002,103.9103319,173C,1.3962822,103.9104557,53.295252693330774,
174B,1.3967281999999999,103.9108217,173D,1.396026,103.9109211,78.42973441892605,
174A,1.3964385,103.911204,173D,1.396026,103.9109211,55.422452662234114,
173C,1.3962822,103.9104557,173D,1.396026,103.9109211,59.03426698450862,
174,1.3967478000000002,103.9103319,173D,1.396026,103.9109211,103.29351671310216,
174B,1.3967281999999999,103.9108217,174A,1.3964385,103.911204,53.256136214253665,
173D,1.396026,103.9109211,174A,1.3964385,103.911204,55.422452662234114,
173C,1.3962822,103.9104557,174A,1.3964385,103.911204,85.05031919374132,
174,1.3967478000000002,103.9103319,174A,1.3964385,103.911204,102.90285371939657,
174C,1.3970693,103.91040799999999,174B,1.3967281999999999,103.9108217,59.51634728815948,
174A,1.3964385,103.911204,174B,1.3967281999999999,103.9108217,53.256136214253665,
173D,1.396026,103.9109211,174B,1.3967281999999999,103.9108217,78.42973441892605,
173C,1.3962822,103.9104557,174B,1.3967281999999999,103.9108217,63.96183764088545,
173B,1.396617,103.91003740000001,174B,1.3967281999999999,103.9108217,88.14395597620451,
174,1.3967478000000002,103.9103319,174B,1.3967281999999999,103.9108217,54.551263433263735,
174D,1.3973846,103.9099662,174C,1.3970693,103.91040799999999,60.273172099008626,
173A,1.3970209999999998,103.9095136,174C,1.3970693,103.91040799999999,99.6779377361836,
174B,1.3967281999999999,103.9108217,174C,1.3970693,103.91040799999999,59.51634728815948,
173C,1.3962822,103.9104557,174C,1.3970693,103.91040799999999,87.19526629132744,
173B,1.396617,103.91003740000001,174C,1.3970693,103.91040799999999,64.82495804087574,
173B,1.396617,103.91003740000001,174C,1.3970693,103.91040799999999,64.82495804087574,
174,1.3967478000000002,103.9103319,174C,1.3970693,103.91040799999999,36.544681308390814,
185,1.3981716,103.91032790000001,174D,1.3973846,103.9099662,95.88098639788556,
180,1.3985678,103.9092497,174D,1.3973846,103.9099662,153.21567873322286,
176D,1.3979205,103.909464,174D,1.3973846,103.9099662,81.45481986568291,
175A,1.3975311000000001,103.90900309999999,174D,1.3973846,103.9099662,108.39739236280664,
173A,1.3970209999999998,103.9095136,174D,1.3973846,103.9099662,64.44698312116222,
174C,1.3970693,103.91040799999999,174D,1.3973846,103.9099662,60.273172099008626,
173B,1.396617,103.91003740000001,174D,1.3973846,103.9099662,85.2463672481335,
174,1.3967478000000002,103.9103319,174D,1.3973846,103.9099662,81.32918356601601,
176C,1.3983152,103.9089321,175A,1.3975311000000001,103.90900309999999,87.06109791275907,
176D,1.3979205,103.909464,175A,1.3975311000000001,103.90900309999999,66.96901698425283,
175B,1.3978542,103.9085954,175A,1.3975311000000001,103.90900309999999,57.749272546271214,
174D,1.3973846,103.9099662,175A,1.3975311000000001,103.90900309999999,108.39739236280664,
173A,1.3970209999999998,103.9095136,175A,1.3975311000000001,103.90900309999999,80.05638366097183,
176B,1.3986618999999998,103.9085226,175B,1.3978542,103.9085954,89.67808492212765,
176C,1.3983152,103.9089321,175B,1.3978542,103.9085954,63.26508029413466,
176D,1.3979205,103.909464,175B,1.3978542,103.9085954,96.94112904187982,
175A,1.3975311000000001,103.90900309999999,175B,1.3978542,103.9085954,57.749272546271214,
175C,1.3983152,103.9089321,175B,1.3978542,103.9085954,63.26508029413466,
176A,1.3989536,103.90818,175C,1.3982008999999997,103.908186,83.23243366738036,
176B,1.3986618999999998,103.9085226,175C,1.3982008999999997,103.908186,63.25848659498185,
176C,1.3983152,103.9089321,175C,1.3982008999999997,103.908186,83.98731170886562,
175B,1.3978542,103.9085954,175C,1.3982008999999997,103.908186,59.54371365427338,
175D,1.3979205,103.909464,175C,1.3982008999999997,103.908186,145.56461887501533,
176A,1.3989536,103.90818,175D,1.3985233999999998,103.9079268,55.288585316542886,
176B,1.3986618999999998,103.9085226,175D,1.3985233999999998,103.9079268,68.05018770580925,
175C,1.3983152,103.9089321,175D,1.3985233999999998,103.9079268,114.22049882923903,
181,1.3992552,103.9090922,176A,1.3989536,103.90818,106.85313845019317,
178,1.3994169,103.9085474,176A,1.3989536,103.90818,65.54515878040802,
180,1.3985678,103.9092497,176A,1.3989536,103.90818,126.45610362199078,
176B,1.3986618999999998,103.9085226,176A,1.3989536,103.90818,49.940131524445015,
175C,1.3983152,103.9089321,176A,1.3989536,103.90818,109.49224922617202,
175D,1.3979205,103.909464,176A,1.3989536,103.90818,182.94188701300553,
182,1.3990118999999999,103.9094495,176B,1.3986618999999998,103.9085226,110.17266161957124,
181,1.3992552,103.9090922,176B,1.3986618999999998,103.9085226,91.22521795148921,
178,1.3994169,103.9085474,176B,1.3986618999999998,103.9085226,83.52968547505344,
180,1.3985678,103.9092497,176B,1.3986618999999998,103.9085226,81.58270598710158,
176A,1.3989536,103.90818,176B,1.3986618999999998,103.9085226,49.940131524445015,
176C,1.3983152,103.9089321,176B,1.3986618999999998,103.9085226,59.5522226316733,
175B,1.3978542,103.9085954,176B,1.3986618999999998,103.9085226,89.67808492212765,
175C,1.3983152,103.9089321,176B,1.3986618999999998,103.9085226,59.5522226316733,
175D,1.3979205,103.909464,176B,1.3986618999999998,103.9085226,133.02820682910203,
184,1.3984784,103.910081,176C,1.3983152,103.9089321,129.12434692168392,
183,1.3987708,103.90974609999999,176C,1.3983152,103.9089321,103.65320746285163,
182,1.3990118999999999,103.9094495,176C,1.3983152,103.9089321,96.17797357594401,
181,1.3992552,103.9090922,176C,1.3983152,103.9089321,105.45643614339996,
180,1.3985678,103.9092497,176C,1.3983152,103.9089321,45.04880733966874,
176B,1.3986618999999998,103.9085226,176C,1.3983152,103.9089321,59.5522226316733,
176D,1.3979205,103.909464,176C,1.3983152,103.9089321,73.54347313640237,
175A,1.3975311000000001,103.90900309999999,176C,1.3983152,103.9089321,87.06109791275907,
175B,1.3978542,103.9085954,176C,1.3983152,103.9089321,63.26508029413466,
175C,1.3983152,103.9089321,176C,1.3983152,103.9089321,0.0,
185,1.3981716,103.91032790000001,176D,1.3979205,103.909464,100.06950585846506,
184,1.3984784,103.910081,176D,1.3979205,103.909464,92.30571648864469,
183,1.3987708,103.90974609999999,176D,1.3979205,103.909464,99.12462481655899,
182,1.3990118999999999,103.9094495,176D,1.3979205,103.909464,120.69227418919594,
180,1.3985678,103.9092497,176D,1.3979205,103.909464,75.44378089287778,
176C,1.3983152,103.9089321,176D,1.3979205,103.909464,73.54347313640237,
175A,1.3975311000000001,103.90900309999999,176D,1.3979205,103.909464,66.96901698425283,
175B,1.3978542,103.9085954,176D,1.3979205,103.909464,96.94112904187982,
174D,1.3973846,103.9099662,176D,1.3979205,103.909464,81.45481986568291,
173A,1.3970209999999998,103.9095136,176D,1.3979205,103.909464,99.61520299410401,
175D,1.3979205,103.909464,196B,1.3990295,103.90718000000001,282.21310246065724,
188,1.3990866000000002,103.910452,Bet Blks 187/188 (65279),1.3993010000000001,103.91103100000001,68.65777656432553,
178,1.3994169,103.9085474,Blk 178 (65249),1.399643,103.908247,41.74500864718305,
176A,1.3989536,103.90818,Blk 178 (65249),1.399643,103.908247,76.59414463845283,
175A,1.3975311000000001,103.90900309999999,Meridian LRT,1.3969200000000002,103.90888000000001,68.94704244947823,
173A,1.3970209999999998,103.9095136,Meridian LRT,1.3969200000000002,103.90888000000001,71.39016699641178,
175A,1.3975311000000001,103.90900309999999,Meridian Stn Exit B (65161),1.397306,103.90869599999999,42.27930748634748,
173A,1.3970209999999998,103.9095136,Meridian Stn Exit B (65161),1.397306,103.90869599999999,96.29085108348899,
193,1.3999258999999997,103.90892779999999,SPC,1.4004,103.90911,56.2082183298697,
192,1.3998901000000001,103.909533,SPC,1.4004,103.90911,73.45016326149367,
SPC,1.4004,103.90912,195E,1.4017903999999999,103.907216,261.79025014772157,
SPC,1.4004,103.90912,621A,1.4010684,103.90989809999999,113.84466265892802,
